Time,R_IEV,R_FLX,R_PFX,R_INV,R_DFX,R_EVR,R_HEEL
2020-09-29 21:31:12.741905+00:00,,,521.99,499.8,498.0,554.28,368.5
2020-09-29 21:31:12.749905+00:00,,,521.8,499.38,498.21,554.12,368.69
2020-09-29 21:31:12.757905+00:00,,,522.0,499.31,498.4,555.02,368.18
2020-09-29 21:31:12.765905+00:00,,,521.78,499.5,498.29,554.68,368.22
2020-09-29 21:31:12.773905+00:00,,,521.29,499.5,498.09,554.5,368.71
2020-09-29 21:31:12.781905+00:00,,,521.51,499.48,497.9,554.4,368.91
2020-09-29 21:31:12.789905+00:00,,,521.7,498.9,498.0,554.61,369.2
2020-09-29 21:31:12.797905+00:00,,,521.92,499.62,497.91,554.8,368.77
2020-09-29 21:31:12.805905+00:00,,,522.19,499.59,498.51,554.8,368.1
2020-09-29 21:31:12.813905+00:00,,,521.59,499.5,498.29,554.8,368.71
2020-09-29 21:31:12.821905+00:00,,,521.7,499.6,498.3,554.59,368.5
2020-09-29 21:31:12.829905+00:00,,,521.86,499.62,497.97,554.36,368.93
2020-09-29 21:31:12.837905+00:00,,,522.72,499.91,497.67,554.01,368.87
2020-09-29 21:31:12.845905+00:00,,,522.15,499.78,497.66,554.54,368.38
2020-09-29 21:31:12.853905+00:00,,,521.77,499.59,498.63,554.82,368.29
2020-09-29 21:31:12.861905+00:00,,,521.49,499.49,498.26,554.99,368.34
2020-09-29 21:31:12.869905+00:00,,,521.73,499.54,498.23,554.67,368.64
2020-09-29 21:31:12.877905+00:00,,,522.11,499.97,498.35,554.38,367.72
2020-09-29 21:31:12.885905+00:00,,,521.97,499.3,497.61,554.31,368.69
2020-09-29 21:31:12.893905+00:00,,,521.7,499.92,498.56,554.4,367.79
2020-09-29 21:31:12.901905+00:00,,,521.8,499.71,498.69,554.68,368.41
2020-09-29 21:31:12.909905+00:00,,,521.71,499.74,498.2,555.6,368.49
2020-09-29 21:31:12.917905+00:00,,,521.9,498.94,497.23,554.75,369.55
2020-09-29 21:31:12.925905+00:00,,,521.68,500.13,498.33,554.69,367.86
2020-09-29 21:31:12.933905+00:00,,,521.72,499.34,497.77,554.51,368.73
2020-09-29 21:31:12.941905+00:00,,,522.12,499.21,498.04,554.8,368.28
2020-09-29 21:31:12.949905+00:00,,,522.2,499.54,498.31,554.35,368.5
2020-09-29 21:31:12.957905+00:00,,,521.95,499.88,498.29,554.27,368.55
2020-09-29 21:31:12.965905+00:00,,,521.92,499.76,498.19,554.32,368.44
2020-09-29 21:31:12.973905+00:00,,,523.59,500.7,498.08,551.83,366.22
2020-09-29 21:31:12.981905+00:00,,,521.9,499.61,497.91,554.77,368.66
2020-09-29 21:31:12.989905+00:00,,,522.04,499.21,498.09,554.74,368.86
2020-09-29 21:31:12.997905+00:00,,,522.18,499.62,497.92,554.41,368.37
2020-09-29 21:31:13.005905+00:00,,,522.04,499.71,498.16,554.57,368.21
2020-09-29 21:31:13.013905+00:00,,,523.06,500.05,497.65,554.0,368.39
2020-09-29 21:31:13.021905+00:00,,,522.94,500.49,498.92,554.65,368.11
2020-09-29 21:31:13.029905+00:00,,,522.17,499.72,497.79,554.65,368.65
2020-09-29 21:31:13.037905+00:00,,,522.2,499.23,497.48,554.0,368.89
2020-09-29 21:31:13.045905+00:00,,,521.98,499.79,498.6,554.53,368.7
2020-09-29 21:31:13.053905+00:00,,,521.91,499.69,498.28,554.62,368.78
2020-09-29 21:31:13.061905+00:00,,,521.88,501.21,499.8,554.9,368.27
2020-09-29 21:31:13.069905+00:00,,,521.49,499.8,498.32,554.71,368.32
2020-09-29 21:31:13.077905+00:00,,,521.73,499.39,498.42,555.13,368.51
2020-09-29 21:31:13.085905+00:00,,,521.89,499.3,498.17,555.05,368.61
2020-09-29 21:31:13.093905+00:00,,,521.57,499.43,497.9,554.4,368.56
2020-09-29 21:31:13.101905+00:00,,,521.93,500.19,498.23,554.8,368.48
2020-09-29 21:31:13.109905+00:00,,,523.36,500.75,498.25,554.38,369.69
2020-09-29 21:31:13.117905+00:00,,,521.64,499.45,497.6,554.53,368.45
2020-09-29 21:31:13.125905+00:00,,,522.0,499.83,498.13,554.8,368.82
2020-09-29 21:31:13.133905+00:00,,,521.5,499.79,498.11,554.58,368.59
2020-09-29 21:31:13.141905+00:00,,,522.27,499.56,498.05,554.38,368.97
2020-09-29 21:31:13.149905+00:00,,,522.69,499.21,497.31,554.22,369.45
2020-09-29 21:31:13.157905+00:00,,,522.28,499.85,498.03,554.59,368.26
2020-09-29 21:31:13.165905+00:00,,,522.06,499.96,498.01,554.31,368.63
2020-09-29 21:31:13.173905+00:00,,,521.5,499.4,498.29,554.82,368.58
2020-09-29 21:31:13.181905+00:00,,,521.8,499.81,497.77,554.81,368.28
2020-09-29 21:31:13.189905+00:00,,,521.86,499.73,497.71,554.61,368.21
2020-09-29 21:31:13.197905+00:00,,,522.8,500.43,498.07,553.39,368.4
2020-09-29 21:31:13.205905+00:00,,,521.84,500.15,498.67,554.24,368.3
2020-09-29 21:31:13.213905+00:00,,,522.0,499.57,497.74,554.22,368.53
2020-09-29 21:31:13.221905+00:00,,,522.57,499.6,497.92,554.77,368.74
2020-09-29 21:31:13.229905+00:00,,,521.58,499.36,497.76,554.98,369.01
2020-09-29 21:31:13.237905+00:00,,,521.23,499.09,497.62,554.55,368.74
2020-09-29 21:31:13.245905+00:00,,,521.88,499.36,497.93,554.29,368.41
2020-09-29 21:31:13.253905+00:00,,,522.07,499.81,498.0,554.42,368.7
2020-09-29 21:31:13.261905+00:00,-1.986500143582836,-16.038838037550057,521.81,499.72,498.01,554.48,368.35
2020-09-29 21:31:13.269905+00:00,-2.2617247283185753,-15.247494985511766,521.97,500.0,498.1,554.3,368.37
2020-09-29 21:31:13.277905+00:00,-2.1844089272136187,-16.14175991995404,521.9,500.08,498.26,554.52,368.32
2020-09-29 21:31:13.285905+00:00,-2.516910748916749,-15.77118313199605,522.88,500.51,498.53,554.5,366.99
2020-09-29 21:31:13.293905+00:00,-2.2085419950486176,-15.550444699363458,521.95,499.27,497.69,554.36,369.01
2020-09-29 21:31:13.301905+00:00,-2.0246697185146374,-16.213553998950538,522.2,499.95,498.22,554.38,368.45
2020-09-29 21:31:13.309905+00:00,-2.246472747661486,-16.287262454054133,521.76,499.64,498.0,555.11,368.6
2020-09-29 21:31:13.317905+00:00,-2.3306692915058473,-16.226900597149946,521.68,499.54,498.17,554.67,368.4
2020-09-29 21:31:13.325905+00:00,-2.3044984480913495,-16.31516624596822,522.07,499.77,497.52,554.67,368.9
2020-09-29 21:31:13.333905+00:00,-2.677345108913998,-16.170709645325626,523.26,499.15,497.19,554.56,369.51
2020-09-29 21:31:13.341905+00:00,-2.4606782586523432,-15.353280175734902,521.92,499.23,497.61,555.33,369.01
2020-09-29 21:31:13.349905+00:00,-2.381920776366776,-15.532111592405492,522.23,499.4,498.26,554.97,368.62
2020-09-29 21:31:13.357905+00:00,-2.262285043323364,-16.083555461386933,522.23,499.42,497.35,554.86,369.02
2020-09-29 21:31:13.365905+00:00,-3.105194810836504,-15.230263901203067,522.46,499.44,497.51,554.35,368.9
2020-09-29 21:31:13.373905+00:00,-3.6121933245375346,-14.735216585236374,522.16,499.18,497.98,554.91,369.11
2020-09-29 21:31:13.381905+00:00,-2.9232648542924307,-15.578455529725014,522.87,500.1,499.39,556.38,368.97
2020-09-29 21:31:13.389905+00:00,-3.167754535426476,-15.181844791113026,521.81,499.36,498.22,554.84,368.66
2020-09-29 21:31:13.397905+00:00,-3.1576903019154328,-15.98361008328108,521.69,499.46,498.42,554.52,368.37
2020-09-29 21:31:13.405905+00:00,-2.8617764987609067,-15.572204708164062,521.75,499.02,498.29,554.71,368.34
2020-09-29 21:31:13.413905+00:00,-3.173764220467268,-15.792651077210648,521.63,499.51,498.7,554.71,368.56
2020-09-29 21:31:13.421905+00:00,-3.177309233042405,-15.403327721660885,520.37,499.06,499.56,554.8,368.12
2020-09-29 21:31:13.429905+00:00,-3.4688941793112957,-15.687072025793066,522.22,499.12,499.44,554.69,368.75
2020-09-29 21:31:13.437905+00:00,-3.7425043714852837,-16.418551943932755,521.82,499.18,499.25,554.99,368.67
2020-09-29 21:31:13.445905+00:00,-4.241841352046938,-16.56803149703696,521.47,498.59,499.78,555.72,368.62
2020-09-29 21:31:13.453905+00:00,-4.752928529012938,-16.101488518220737,521.57,498.04,499.45,555.63,368.64
2020-09-29 21:31:13.461905+00:00,-4.865925432898602,-15.850204831227147,522.38,497.72,499.5,556.14,368.65
2020-09-29 21:31:13.469905+00:00,-5.443461718644582,-16.758454434174034,522.44,495.03,497.64,556.22,369.96
2020-09-29 21:31:13.477905+00:00,-6.038152792374943,-17.20948030542463,521.75,496.41,499.92,556.67,368.24
2020-09-29 21:31:13.485905+00:00,-6.495347814611357,-17.448010208381227,521.71,495.88,500.26,557.54,368.17
2020-09-29 21:31:13.493905+00:00,-6.778131499389556,-18.170281530457935,522.09,495.01,499.99,558.56,368.87
2020-09-29 21:31:13.501905+00:00,-9.12801764565403,-15.717591318976673,522.84,494.33,499.82,558.88,369.1
2020-09-29 21:31:13.509905+00:00,-10.785299952784955,-14.037701362060925,522.66,493.88,499.48,559.91,369.0
2020-09-29 21:31:13.517905+00:00,-11.744974652542753,-14.998694661570633,522.49,493.64,500.66,560.44,368.84
2020-09-29 21:31:13.525905+00:00,-13.982788386244556,-14.622649335066964,522.64,492.94,500.5,560.89,368.27
2020-09-29 21:31:13.533905+00:00,-13.573167839133284,-15.677790768159078,523.02,492.53,500.95,562.04,368.43
2020-09-29 21:31:13.541905+00:00,-14.38570814242862,-14.830588968566692,523.01,491.7,501.1,563.11,368.61
2020-09-29 21:31:13.549905+00:00,-14.870660337409713,-16.151646487405383,523.51,491.32,501.27,564.02,368.31
2020-09-29 21:31:13.557905+00:00,-15.717795874558735,-17.029458498290275,524.33,491.7,501.81,564.99,367.85
2020-09-29 21:31:13.565905+00:00,-15.500263935711086,-18.895272048420036,523.81,491.1,501.34,565.7,368.76
2020-09-29 21:31:13.573905+00:00,-16.291294001743996,-19.56470744917845,523.43,490.32,501.23,566.56,368.68
2020-09-29 21:31:13.581905+00:00,-17.86385154791483,-18.984554485429836,523.92,489.86,501.76,567.12,368.46
2020-09-29 21:31:13.589905+00:00,-18.907961539777308,-19.477495047104554,523.81,489.56,502.14,568.57,368.23
2020-09-29 21:31:13.597905+00:00,-18.76862964959988,-20.58591665761777,524.15,489.14,502.28,569.6,368.62
2020-09-29 21:31:13.605905+00:00,-19.731009485976813,-20.840983878983486,524.34,489.0,501.95,570.09,368.5
2020-09-29 21:31:13.613905+00:00,-20.401989270505183,-21.31117375231573,524.65,488.95,501.79,570.67,368.73
2020-09-29 21:31:13.621905+00:00,-21.455580525764127,-20.968154745305405,524.95,488.57,501.96,571.25,368.64
2020-09-29 21:31:13.629905+00:00,-22.90080367714873,-20.69430162311105,525.08,488.47,502.46,572.47,368.6
2020-09-29 21:31:13.637905+00:00,-23.50328129883941,-20.19987484883906,525.22,488.47,502.45,572.86,368.99
2020-09-29 21:31:13.645905+00:00,-24.16961579902529,-19.934846354755635,526.02,488.74,502.22,572.97,368.13
2020-09-29 21:31:13.653905+00:00,-24.873063383352715,-20.188754458395476,525.39,487.92,502.52,574.74,369.06
2020-09-29 21:31:13.661905+00:00,-25.656107810979567,-20.170348548122117,525.26,488.06,502.54,575.43,368.48
2020-09-29 21:31:13.669905+00:00,-26.60228009796698,-20.234077599902715,525.86,488.15,502.95,575.71,368.26
2020-09-29 21:31:13.677905+00:00,-27.37846893400045,-20.388925575702906,525.44,487.19,502.83,577.2,369.0
2020-09-29 21:31:13.685905+00:00,-28.141670031072703,-20.7202175612546,525.95,487.2,502.66,577.65,368.55
2020-09-29 21:31:13.693905+00:00,-28.724151104415064,-20.93544884820248,528.42,489.07,503.08,576.1,367.36
2020-09-29 21:31:13.701905+00:00,-29.487282853074824,-20.921327585017483,525.88,487.18,502.87,578.79,368.73
2020-09-29 21:31:13.709905+00:00,-29.972044080655248,-21.1860325239596,526.57,487.16,503.49,579.85,368.72
2020-09-29 21:31:13.717905+00:00,-30.48961024841554,-21.376859417889534,526.97,487.12,503.0,580.08,369.0
2020-09-29 21:31:13.725905+00:00,-31.206608702399496,-21.39807986776534,527.03,486.73,503.29,580.62,368.79
2020-09-29 21:31:13.733905+00:00,-31.999772068279157,-21.24354130974852,527.76,486.44,502.69,581.01,369.39
2020-09-29 21:31:13.741905+00:00,-32.61689568238653,-21.58417739071629,526.97,484.93,502.73,582.35,370.01
2020-09-29 21:31:13.749905+00:00,-33.076134496264615,-21.886198792493985,527.61,486.45,503.64,581.75,368.79
2020-09-29 21:31:13.757905+00:00,-33.743604150451276,-22.02054603065976,527.58,486.68,503.56,582.38,368.8
2020-09-29 21:31:13.765905+00:00,-34.51491248630198,-21.976887296213256,526.75,487.16,504.71,583.38,368.42
2020-09-29 21:31:13.773905+00:00,-35.16633219878975,-21.586688094344446,526.93,486.44,505.55,583.84,368.4
2020-09-29 21:31:13.781905+00:00,-35.70288079596368,-21.529667766112993,526.73,486.48,505.49,584.58,369.12
2020-09-29 21:31:13.789905+00:00,-35.86811669227443,-21.69301676600958,526.38,486.16,505.32,584.13,368.78
2020-09-29 21:31:13.797905+00:00,-36.028790933046864,-21.614092621484502,526.38,485.95,505.37,585.05,368.88
2020-09-29 21:31:13.805905+00:00,-36.65252493382502,-21.567138245439107,526.18,485.56,506.66,585.37,368.73
2020-09-29 21:31:13.813905+00:00,-37.03018578424485,-21.67212525532175,526.21,485.82,506.61,585.4,368.81
2020-09-29 21:31:13.821905+00:00,-37.23100197980589,-21.519272720369745,525.86,484.98,506.41,586.25,369.3
2020-09-29 21:31:13.829905+00:00,-37.71779359157104,-21.28706621815542,524.94,482.48,504.7,586.25,371.22
2020-09-29 21:31:13.837905+00:00,-38.0725746412517,-20.93728347324382,524.97,485.87,508.64,586.87,368.25
2020-09-29 21:31:13.845905+00:00,-38.615028898963125,-20.39219580989815,524.73,485.18,508.35,587.17,368.98
2020-09-29 21:31:13.853905+00:00,-38.73729852451015,-20.339777052105596,525.26,485.39,508.76,587.32,369.35
2020-09-29 21:31:13.861905+00:00,-39.00413710257337,-20.251360219320794,525.14,485.68,508.95,586.99,369.03
2020-09-29 21:31:13.869905+00:00,-39.14889448293079,-20.061977565448487,524.61,485.25,509.51,587.79,369.39
2020-09-29 21:31:13.877905+00:00,-39.28163408087961,-19.94840682762631,524.15,485.36,510.19,587.5,368.95
2020-09-29 21:31:13.885905+00:00,-39.358581537149185,-19.781609041980502,523.83,485.42,510.54,588.53,369.05
2020-09-29 21:31:13.893905+00:00,-39.60089892594566,-19.8047647172806,523.51,484.75,510.56,588.12,369.3
2020-09-29 21:31:13.901905+00:00,-39.81783357121356,-19.776547421306145,524.13,485.11,510.76,588.3,369.06
2020-09-29 21:31:13.909905+00:00,-39.942400416376856,-19.696703539943158,523.52,485.47,512.32,588.16,369.03
2020-09-29 21:31:13.917905+00:00,-40.09561626234317,-19.618588772918045,521.58,485.11,512.9,589.84,369.2
2020-09-29 21:31:13.925905+00:00,-40.195666749710455,-19.473809927900962,523.53,485.54,512.84,588.06,368.94
2020-09-29 21:31:13.933905+00:00,-40.33943254842232,-19.171095762843336,522.8,485.34,513.19,588.73,368.84
2020-09-29 21:31:13.941905+00:00,-40.66614514596973,-18.94243689146297,522.83,485.11,512.89,588.98,369.24
2020-09-29 21:31:13.949905+00:00,-40.84757980795674,-18.897232318344845,522.59,485.48,513.46,588.66,369.31
2020-09-29 21:31:13.957905+00:00,-41.03253941197321,-18.745227817965084,522.16,485.51,514.06,588.61,369.43
2020-09-29 21:31:13.965905+00:00,-40.76850394089723,-18.926008243414767,522.81,484.89,513.66,588.71,369.31
2020-09-29 21:31:13.973905+00:00,-41.59702799185341,-17.89316735339286,522.22,485.38,514.57,588.7,368.8
2020-09-29 21:31:13.981905+00:00,-41.988933526187196,-17.299775416176203,522.11,485.11,514.68,588.87,369.11
2020-09-29 21:31:13.989905+00:00,-42.235713457038955,-17.043790543972765,522.23,484.28,515.07,589.25,369.03
2020-09-29 21:31:13.997905+00:00,-42.46550852504871,-17.046318703192185,521.78,484.94,514.88,589.62,369.34
2020-09-29 21:31:14.005905+00:00,-42.32456298609294,-17.01114305696814,521.25,485.18,515.56,589.77,369.25
2020-09-29 21:31:14.013905+00:00,-42.412267607250406,-17.670678063102024,522.3,484.99,515.35,588.97,369.14
2020-09-29 21:31:14.021905+00:00,-42.257371833226614,-17.531991293684165,521.71,485.15,515.66,589.33,369.41
2020-09-29 21:31:14.029905+00:00,-42.36411187685297,-17.569273648373372,522.05,485.3,516.32,589.34,369.29
2020-09-29 21:31:14.037905+00:00,-42.05084391151329,-17.808380669892664,521.64,485.36,516.13,589.78,369.29
2020-09-29 21:31:14.045905+00:00,-41.709100231050385,-17.807504467414894,522.44,485.24,515.7,589.37,369.71
2020-09-29 21:31:14.053905+00:00,-41.79624467742948,-17.749529502223975,522.55,484.36,514.76,588.53,370.28
2020-09-29 21:31:14.061905+00:00,-41.51165102128608,-17.882175427438135,522.12,484.76,516.45,589.43,369.25
2020-09-29 21:31:14.069905+00:00,-42.04643890379915,-17.41613550154303,521.71,484.99,516.04,589.14,369.58
2020-09-29 21:31:14.077905+00:00,-42.27432135521362,-17.497458676164634,521.53,485.4,516.28,588.64,369.01
2020-09-29 21:31:14.085905+00:00,-42.349610456856546,-17.65559880481619,521.99,485.03,516.33,589.12,369.07
2020-09-29 21:31:14.093905+00:00,-41.9442086147476,-17.932343274108398,521.53,484.04,516.03,589.75,369.77
2020-09-29 21:31:14.101905+00:00,-42.08079404307746,-17.752989876879287,520.38,482.88,516.25,590.98,370.3
2020-09-29 21:31:14.109905+00:00,-42.542110738924535,-17.47164098858202,521.42,484.62,515.96,588.98,369.6
2020-09-29 21:31:14.117905+00:00,-42.57611709343126,-17.639679041340052,521.72,485.35,516.88,588.8,368.82
2020-09-29 21:31:14.125905+00:00,-42.718893105194965,-17.60511914645481,521.0,485.24,517.3,589.5,368.64
2020-09-29 21:31:14.133905+00:00,-42.73237289171108,-17.357531596845273,520.89,484.98,517.22,589.75,368.92
2020-09-29 21:31:14.141905+00:00,-42.62952029732219,-17.26094811258138,520.95,484.99,517.07,589.39,369.74
2020-09-29 21:31:14.149905+00:00,-42.550426588795936,-17.337218729809784,521.38,484.71,516.52,588.51,368.84
2020-09-29 21:31:14.157905+00:00,-42.450299382501946,-17.342730314704287,521.47,484.4,516.87,589.15,369.27
2020-09-29 21:31:14.165905+00:00,-42.74091529592835,-16.97789497983669,521.3,484.82,516.84,589.0,369.12
2020-09-29 21:31:14.173905+00:00,-42.77731619590851,-16.97891608771876,521.39,485.05,517.41,589.07,369.26
2020-09-29 21:31:14.181905+00:00,-42.78535018380158,-17.054405590270104,521.16,485.22,517.63,588.76,367.94
2020-09-29 21:31:14.189905+00:00,-42.81296706268785,-16.868477662622347,521.12,485.95,519.29,588.85,365.02
2020-09-29 21:31:14.197905+00:00,-42.660155733823295,-16.920151010800392,521.2,484.63,516.78,589.16,369.55
2020-09-29 21:31:14.205905+00:00,-42.963244119946786,-17.07646707967203,521.25,484.97,517.23,589.29,369.21
2020-09-29 21:31:14.213905+00:00,-42.91185668036929,-16.57196799106304,521.19,484.68,517.07,589.05,368.8
2020-09-29 21:31:14.221905+00:00,-42.81090414765367,-16.300091344135982,521.09,484.8,517.25,589.2,369.39
2020-09-29 21:31:14.229905+00:00,-42.62868487081242,-16.57586097538486,522.08,483.72,516.27,589.4,369.82
2020-09-29 21:31:14.237905+00:00,-42.7193618826034,-16.392230127751105,521.22,484.72,517.04,588.81,369.02
2020-09-29 21:31:14.245905+00:00,-42.849418741940475,-16.233587783963063,521.26,484.71,517.49,589.18,369.13
2020-09-29 21:31:14.253905+00:00,-42.76218722079253,-16.073625735631442,521.02,484.76,517.65,588.95,369.24
2020-09-29 21:31:14.261905+00:00,-42.7363043371493,-16.793364129053753,521.47,484.68,516.94,588.9,369.38
2020-09-29 21:31:14.269905+00:00,-42.74243420396084,-16.732587713418777,521.46,484.9,517.15,588.93,369.2
2020-09-29 21:31:14.277905+00:00,-42.85908324749101,-16.235771151840005,521.31,484.32,517.96,590.72,369.28
2020-09-29 21:31:14.285905+00:00,-42.74132158063727,-16.27529254378063,521.38,484.99,516.46,588.46,369.09
2020-09-29 21:31:14.293905+00:00,-42.451818968444975,-16.86390464998246,521.01,484.96,516.94,589.41,369.05
2020-09-29 21:31:14.301905+00:00,-42.553300872176465,-17.06862227631609,521.16,484.79,516.82,588.83,368.81
2020-09-29 21:31:14.309905+00:00,-42.59863169520885,-16.653373773139197,521.59,484.63,516.01,588.6,369.16
2020-09-29 21:31:14.317905+00:00,-42.55214358302483,-16.781238507307936,520.97,484.27,516.34,589.02,369.16
2020-09-29 21:31:14.325905+00:00,-42.48322395021758,-16.819696578605186,521.68,484.64,515.8,588.24,368.86
2020-09-29 21:31:14.333905+00:00,-42.46854254391008,-16.877493924254313,521.25,485.08,516.24,588.59,368.97
2020-09-29 21:31:14.341905+00:00,-42.37918382453478,-16.920142482117654,521.95,484.81,515.88,588.82,369.32
2020-09-29 21:31:14.349905+00:00,-42.317942494616034,-16.968554517937132,521.63,485.13,515.16,588.44,369.17
2020-09-29 21:31:14.357905+00:00,-42.337729485886925,-17.024660277537535,520.8,484.94,515.84,588.64,369.09
2020-09-29 21:31:14.365905+00:00,-42.3205045705021,-17.041369795705336,520.43,484.8,516.85,590.2,368.96
2020-09-29 21:31:14.373905+00:00,-42.2663874734231,-17.114266473185832,522.06,484.73,514.53,588.65,368.94
2020-09-29 21:31:14.381905+00:00,-42.0544128441065,-17.32652650917821,521.39,484.54,515.07,587.87,369.09
2020-09-29 21:31:14.389905+00:00,-41.866397729409194,-17.32242456267298,521.79,484.99,514.32,587.39,369.03
2020-09-29 21:31:14.397905+00:00,-41.769375897874134,-17.317619218043944,521.35,484.72,514.55,587.42,369.03
2020-09-29 21:31:14.405905+00:00,-41.48477082926693,-17.442571858238132,521.77,484.61,514.45,587.55,368.49
2020-09-29 21:31:14.413905+00:00,-41.23902904638224,-17.270414687169865,522.2,485.3,514.28,586.54,368.65
2020-09-29 21:31:14.421905+00:00,-41.07151268301943,-17.596213160548015,521.8,484.47,514.49,586.0,369.06
2020-09-29 21:31:14.429905+00:00,-40.612016485753244,-17.973077001893664,521.57,485.13,514.84,585.41,368.7
2020-09-29 21:31:14.437905+00:00,-40.01094723271643,-17.986565116403565,521.65,484.96,514.58,585.68,369.07
2020-09-29 21:31:14.445905+00:00,-39.5796322382005,-18.019230247931926,521.4,484.65,514.17,585.02,368.88
2020-09-29 21:31:14.453905+00:00,-39.04894149248532,-18.05552202473561,520.68,484.99,514.53,584.74,368.5
2020-09-29 21:31:14.461905+00:00,-38.7520476348218,-17.868690252949293,521.03,484.65,514.92,584.78,368.71
2020-09-29 21:31:14.469905+00:00,-38.41291863451444,-17.715871505054995,520.69,484.75,514.57,583.95,368.6
2020-09-29 21:31:14.477905+00:00,-38.107398078573524,-17.694922529933397,520.37,484.93,514.15,583.63,368.74
2020-09-29 21:31:14.485905+00:00,-37.403384695329414,-17.835559862778826,520.21,485.01,514.43,583.37,368.79
2020-09-29 21:31:14.493905+00:00,-36.95060194031436,-17.687393130248203,520.25,484.96,514.61,582.5,368.31
2020-09-29 21:31:14.501905+00:00,-36.527302296520205,-17.655875449752926,520.75,484.76,513.86,581.3,367.82
2020-09-29 21:31:14.509905+00:00,-36.16927960554162,-17.629904688624965,520.13,484.87,513.72,581.91,368.63
2020-09-29 21:31:14.517905+00:00,-35.7198157781176,-17.565105016129795,520.39,485.1,513.59,581.09,369.08
2020-09-29 21:31:14.525905+00:00,-35.68691544017947,-17.274044644613742,520.24,485.03,513.21,580.7,368.79
2020-09-29 21:31:14.533905+00:00,-35.31586997840949,-17.073369903812996,519.7,485.4,513.36,580.58,368.69
2020-09-29 21:31:14.541905+00:00,-34.83363266325387,-17.012404623833834,519.47,485.02,513.28,581.0,369.08
2020-09-29 21:31:14.549905+00:00,-34.4147499484561,-16.73436370603222,518.6,484.48,513.33,581.6,370.17
2020-09-29 21:31:14.557905+00:00,-34.17250383143069,-16.897322148093497,519.16,485.53,512.4,578.8,368.55
2020-09-29 21:31:14.565905+00:00,-34.11113762418969,-16.891412414550356,518.97,484.94,512.7,578.72,368.55
2020-09-29 21:31:14.573905+00:00,-33.34482433569693,-17.17525913146225,519.22,485.1,512.36,578.38,368.95
2020-09-29 21:31:14.581905+00:00,-32.77231729718907,-17.264470357668227,519.84,485.03,511.44,577.73,369.07
2020-09-29 21:31:14.589905+00:00,-32.25247195912175,-17.40484059844729,520.27,486.13,511.74,577.05,368.9
2020-09-29 21:31:14.597905+00:00,-31.751509455522836,-17.537576865943773,520.03,486.91,511.7,576.65,369.76
2020-09-29 21:31:14.605905+00:00,-31.26181054613432,-17.261775997500166,519.33,485.26,511.48,576.41,368.51
2020-09-29 21:31:14.613905+00:00,-30.9681346709667,-17.249684917875353,519.21,485.23,510.92,576.05,368.14
2020-09-29 21:31:14.621905+00:00,-30.34327183742793,-17.5267245098765,519.11,485.51,510.75,575.96,368.38
2020-09-29 21:31:14.629905+00:00,-29.848479215702945,-17.4877081183803,519.2,485.39,510.05,575.22,368.61
2020-09-29 21:31:14.637905+00:00,-29.141178183616738,-17.40106641989106,518.3,484.8,509.4,574.35,369.23
2020-09-29 21:31:14.645905+00:00,-28.814114291072556,-17.22210086824706,519.0,485.86,509.69,574.45,368.4
2020-09-29 21:31:14.653905+00:00,-28.37245035750804,-17.369293864301152,519.0,485.89,509.55,573.88,368.35
2020-09-29 21:31:14.661905+00:00,-27.67696701344299,-17.3083893726596,518.77,485.89,509.77,573.51,368.28
2020-09-29 21:31:14.669905+00:00,-27.587650642064162,-16.63259154547865,518.61,486.15,509.12,572.94,368.74
2020-09-29 21:31:14.677905+00:00,-26.74482829288909,-17.06182573783345,518.3,485.82,508.84,572.83,368.94
2020-09-29 21:31:14.685905+00:00,-26.12404735441949,-16.908044439983474,517.01,484.74,508.91,572.86,369.36
2020-09-29 21:31:14.693905+00:00,-26.109291174704857,-16.36942948962475,518.64,486.49,508.34,571.21,368.63
2020-09-29 21:31:14.701905+00:00,-25.500202669236007,-16.25628408397963,518.51,486.53,508.39,570.73,368.26
2020-09-29 21:31:14.709905+00:00,-25.19192708488864,-16.09317195241112,518.44,486.61,508.11,570.25,368.18
2020-09-29 21:31:14.717905+00:00,-25.110640061792896,-15.81345549291211,518.19,486.03,507.52,570.31,369.04
2020-09-29 21:31:14.725905+00:00,-23.6618693880319,-16.89294972864567,517.91,484.79,506.94,570.49,370.01
2020-09-29 21:31:14.733905+00:00,-22.483456127015632,-17.501880927261205,519.09,486.76,507.05,568.49,368.46
2020-09-29 21:31:14.741905+00:00,-22.102881164770146,-17.113230716589555,518.61,486.7,507.04,568.11,368.66
2020-09-29 21:31:14.749905+00:00,-21.68087330355144,-16.877767339664967,519.05,487.17,506.57,567.57,368.3
2020-09-29 21:31:14.757905+00:00,-20.951343739767182,-16.784238995609115,519.14,487.32,506.41,567.39,368.71
2020-09-29 21:31:14.765905+00:00,-20.62284612976233,-17.07136932249597,518.98,488.45,506.07,565.73,368.34
2020-09-29 21:31:14.773905+00:00,-20.32340297015901,-16.6932856855914,520.42,489.93,505.35,563.8,367.74
2020-09-29 21:31:14.781905+00:00,-19.65234779004001,-16.69657087197691,519.23,487.85,505.26,565.18,368.25
2020-09-29 21:31:14.789905+00:00,-18.201568729508686,-18.13535952171504,519.22,488.49,504.61,564.34,368.07
2020-09-29 21:31:14.797905+00:00,-17.13862809034011,-17.793160970879867,519.43,488.93,504.57,564.06,368.13
2020-09-29 21:31:14.805905+00:00,-16.7180766863654,-16.996292247414356,519.31,489.63,503.94,562.91,368.42
2020-09-29 21:31:14.813905+00:00,-16.19722314976377,-16.060736594917,519.21,489.72,503.63,562.44,368.71
2020-09-29 21:31:14.821905+00:00,-15.53296460431786,-16.036924604195338,518.54,489.74,504.2,562.46,368.38
2020-09-29 21:31:14.829905+00:00,-13.969761953911055,-16.06529842556273,519.66,491.34,503.48,560.9,368.23
2020-09-29 21:31:14.837905+00:00,-12.473181038168944,-16.611915838658334,518.99,491.24,503.05,561.37,368.6
2020-09-29 21:31:14.845905+00:00,-13.859993655001816,-15.237746563559039,518.46,491.63,502.95,560.94,368.63
2020-09-29 21:31:14.853905+00:00,-13.44105730701419,-13.686370462329016,518.9,492.61,503.39,559.6,367.79
2020-09-29 21:31:14.861905+00:00,-12.499133516972643,-14.603652451721542,518.73,492.94,503.43,559.42,367.66
2020-09-29 21:31:14.869905+00:00,-12.16734056978234,-14.492850426598599,518.84,493.05,502.01,558.82,368.87
2020-09-29 21:31:14.877905+00:00,-10.739572659872316,-13.872484207659465,518.63,493.43,502.57,558.69,368.58
2020-09-29 21:31:14.885905+00:00,-9.458221713159952,-16.010971115032067,518.75,493.92,502.16,558.97,368.41
2020-09-29 21:31:14.893905+00:00,-7.647897174226994,-16.506537190507384,518.89,494.94,502.05,558.05,368.28
2020-09-29 21:31:14.901905+00:00,-8.949902519861688,-14.466571288524472,518.48,494.63,501.73,558.1,368.49
2020-09-29 21:31:14.909905+00:00,-10.123409859333949,-12.899066114313742,517.28,493.27,501.04,559.22,369.42
2020-09-29 21:31:14.917905+00:00,-7.589618469930763,-15.470817118576267,518.54,495.64,501.51,557.78,368.74
2020-09-29 21:31:14.925905+00:00,-6.468086493169221,-17.020569976804357,518.04,495.45,501.35,557.31,368.39
2020-09-29 21:31:14.933905+00:00,-6.5028101079787985,-16.61124623681832,519.09,496.83,501.59,557.05,368.07
2020-09-29 21:31:14.941905+00:00,-6.0013456744204925,-16.54784715591125,518.27,496.75,501.61,557.4,368.7
2020-09-29 21:31:14.949905+00:00,-5.608846649784791,-16.61551533579007,518.25,497.41,502.03,556.88,367.76
2020-09-29 21:31:14.957905+00:00,-5.451433483829404,-16.311167427282637,520.7,499.12,501.7,555.59,366.22
2020-09-29 21:31:14.965905+00:00,-5.154667162433453,-16.585971237709774,517.8,497.33,501.67,556.66,368.84
2020-09-29 21:31:14.973905+00:00,-5.249297591158804,-15.184037809520696,517.89,498.07,501.68,556.33,368.16
2020-09-29 21:31:14.981905+00:00,-5.160025123193683,-15.148673423252724,518.03,498.06,501.11,556.52,368.49
2020-09-29 21:31:14.989905+00:00,-4.707740892196263,-16.17286769396901,518.1,498.22,501.29,556.3,368.37
2020-09-29 21:31:14.997905+00:00,-5.244773160040628,-14.455156859907667,518.15,498.44,501.11,556.63,368.69
2020-09-29 21:31:15.005905+00:00,-5.590937658239136,-13.639757769912046,518.12,498.28,500.83,555.98,368.31
2020-09-29 21:31:15.013905+00:00,-5.835986244526258,-13.465354992540785,517.95,498.97,501.41,555.89,368.4
2020-09-29 21:31:15.021905+00:00,-5.211407665300096,-14.959417734225894,518.18,498.99,500.86,555.76,368.52
2020-09-29 21:31:15.029905+00:00,-4.867895005842304,-14.800266884690307,517.62,498.57,500.71,556.14,368.19
2020-09-29 21:31:15.037905+00:00,-4.817160958825223,-14.897676816221118,517.92,498.74,500.83,556.22,368.08
2020-09-29 21:31:15.045905+00:00,-4.604157529588387,-15.768488826996366,518.55,498.82,500.73,555.16,367.71
2020-09-29 21:31:15.053905+00:00,-4.8948368504259205,-14.895989225600346,517.44,498.92,500.84,555.86,368.08
2020-09-29 21:31:15.061905+00:00,-4.757078029142944,-14.871247379531333,517.72,498.84,501.12,555.82,368.26
2020-09-29 21:31:15.069905+00:00,-4.545740763473564,-15.085700719822404,517.88,498.72,500.47,555.8,368.19
2020-09-29 21:31:15.077905+00:00,-4.45514803072183,-15.00893434765784,518.05,498.54,500.22,556.05,368.57
2020-09-29 21:31:15.085905+00:00,-4.33089373011018,-15.096900968158293,518.3,498.74,500.17,555.43,369.55
2020-09-29 21:31:15.093905+00:00,-4.3388024955879745,-15.120408361241683,517.76,500.02,500.58,555.02,368.28
2020-09-29 21:31:15.101905+00:00,-4.131138576844304,-15.014545019043863,517.87,499.62,500.77,555.3,368.1
2020-09-29 21:31:15.109905+00:00,-3.944752774948877,-14.956768909979653,517.52,499.78,500.86,555.58,368.54
2020-09-29 21:31:15.117905+00:00,-3.7835040044407666,-14.861938229439664,517.57,499.45,500.5,555.14,368.54
2020-09-29 21:31:15.125905+00:00,-3.7368049185785632,-14.936711800362175,518.05,500.07,500.85,554.86,368.28
2020-09-29 21:31:15.133905+00:00,-3.7922567040087376,-15.20429250748017,518.29,501.64,501.29,553.94,367.94
2020-09-29 21:31:15.141905+00:00,-3.8124786460586155,-14.592468874551427,517.78,500.09,500.61,554.95,368.49
2020-09-29 21:31:15.149905+00:00,-3.9951155200457302,-13.52566718718201,517.38,500.48,500.92,555.05,368.02
2020-09-29 21:31:15.157905+00:00,-3.978604720735399,-14.111309629312569,517.3,500.14,501.11,554.89,368.39
2020-09-29 21:31:15.165905+00:00,-3.8748984544430596,-13.735402341206486,517.17,500.14,500.91,554.87,368.43
2020-09-29 21:31:15.173905+00:00,-3.8561749579634257,-13.07316704231909,517.34,500.46,500.61,554.83,368.09
2020-09-29 21:31:15.181905+00:00,-3.5261793143874764,-13.85473959773413,517.13,499.78,500.52,555.07,368.71
2020-09-29 21:31:15.189905+00:00,-3.343167688027009,-14.825364195591936,517.51,500.18,500.83,554.81,368.44
2020-09-29 21:31:15.197905+00:00,-3.5782401697951545,-13.731224179611695,517.35,500.95,501.18,554.84,368.03
2020-09-29 21:31:15.205905+00:00,-3.4826220383004323,-13.997944970010765,516.96,499.88,500.69,555.52,368.67
2020-09-29 21:31:15.213905+00:00,-3.415108581905532,-13.928572074237323,516.95,499.5,500.37,555.36,369.16
2020-09-29 21:31:15.221905+00:00,-3.363539974555426,-13.507057611050413,517.03,500.26,500.8,555.55,368.42
2020-09-29 21:31:15.229905+00:00,-3.2346288939885164,-13.714085976538984,517.68,500.68,500.3,554.85,368.41
2020-09-29 21:31:15.237905+00:00,-3.117583834557853,-13.893010995486543,517.49,500.03,500.65,554.5,368.08
2020-09-29 21:31:15.245905+00:00,-3.141408087736397,-13.352009955880522,517.21,500.69,500.37,554.54,368.43
2020-09-29 21:31:15.253905+00:00,-2.9989708875518866,-14.376000104576315,517.52,501.01,500.24,554.48,368.35
2020-09-29 21:31:15.261905+00:00,-3.091971864611213,-13.759046675150906,517.5,499.66,499.72,555.09,368.91
2020-09-29 21:31:15.269905+00:00,-3.025768135266584,-13.781959626898862,518.32,499.49,499.14,554.78,369.64
2020-09-29 21:31:15.277905+00:00,-2.9642530937749316,-14.51762309481233,518.13,501.24,500.27,553.47,367.96
2020-09-29 21:31:15.285905+00:00,-3.140943736410074,-14.610188534768165,518.15,501.22,500.11,553.51,367.96
2020-09-29 21:31:15.293905+00:00,-3.0018834760827544,-14.684804337183145,517.66,500.67,500.15,554.42,368.16
2020-09-29 21:31:15.301905+00:00,-3.008521588318718,-14.58956081987771,517.49,500.31,500.56,554.81,368.57
2020-09-29 21:31:15.309905+00:00,-2.9783877007219846,-14.72702483539327,515.72,499.82,500.96,555.93,367.6
2020-09-29 21:31:15.317905+00:00,-2.9290887187832624,-14.732664748553589,513.61,499.29,501.95,556.18,366.82
2020-09-29 21:31:15.325905+00:00,-2.994398445300781,-14.7486356777633,517.78,500.36,499.92,554.63,368.93
2020-09-29 21:31:15.333905+00:00,-3.008569746877341,-14.404225375557967,517.62,500.34,500.06,554.67,368.35
2020-09-29 21:31:15.341905+00:00,-3.0014521216008534,-14.895615656738853,517.84,500.5,500.35,554.42,368.43
2020-09-29 21:31:15.349905+00:00,-3.745321557835065,-13.463515329921293,517.7,501.07,500.26,554.7,368.08
2020-09-29 21:31:15.357905+00:00,-3.454178517936647,-13.731200739367388,518.13,501.27,501.13,554.56,367.28
2020-09-29 21:31:15.365905+00:00,-3.130784756239768,-14.496871941029429,517.55,500.12,500.57,555.1,368.77
2020-09-29 21:31:15.373905+00:00,-3.1959089439323884,-14.551426963243609,517.3,500.56,500.25,554.74,368.49
2020-09-29 21:31:15.381905+00:00,-3.3030205289923513,-14.45439502685436,518.19,500.54,499.85,554.38,368.52
2020-09-29 21:31:15.389905+00:00,-3.1699710447950706,-14.538798816283604,517.95,500.73,500.56,554.77,368.15
2020-09-29 21:31:15.397905+00:00,-3.188644333226706,-14.31103265044816,518.66,500.89,498.46,552.29,368.23
2020-09-29 21:31:15.405905+00:00,-3.06023111369612,-14.408403619008801,519.94,500.88,496.7,549.9,368.35
2020-09-29 21:31:15.413905+00:00,-3.1832836823492148,-14.234653479314224,517.47,500.65,501.14,555.81,368.57
2020-09-29 21:31:15.421905+00:00,-3.2341012645819496,-14.428554516166164,517.82,500.67,500.0,554.61,368.53
2020-09-29 21:31:15.429905+00:00,-2.9936226621976054,-14.533415508375095,517.62,500.54,499.78,554.3,368.23
2020-09-29 21:31:15.437905+00:00,-3.16813899041384,-14.293744307851192,517.81,500.76,500.18,554.03,368.46
2020-09-29 21:31:15.445905+00:00,-3.27702719390728,-14.169474493550553,517.67,500.12,499.98,554.49,368.79
2020-09-29 21:31:15.453905+00:00,-3.211823145309033,-14.169214764722986,517.96,500.4,499.64,554.41,368.11
2020-09-29 21:31:15.461905+00:00,-3.1160140282407527,-14.42590373114387,518.13,500.48,499.78,554.84,368.01
2020-09-29 21:31:15.469905+00:00,-3.1053940582742543,-14.442096410809029,517.73,500.62,500.08,554.44,368.58
2020-09-29 21:31:15.477905+00:00,-3.1084926260096455,-14.264578731162995,517.9,500.24,499.8,554.41,368.36
2020-09-29 21:31:15.485905+00:00,-3.193071278698209,-14.399867139653672,518.34,500.78,500.09,554.02,367.61
2020-09-29 21:31:15.493905+00:00,-3.130432488315459,-14.615995587197222,518.23,502.22,500.92,553.76,367.03
2020-09-29 21:31:15.501905+00:00,-3.2164998063188066,-14.61179501258059,517.76,500.17,500.05,554.9,368.74
2020-09-29 21:31:15.509905+00:00,-3.283193086548383,-14.43435739983556,517.92,500.3,499.9,554.26,368.1
2020-09-29 21:31:15.517905+00:00,-3.107216630727058,-14.562100474978159,517.66,500.28,499.79,554.75,368.43
2020-09-29 21:31:15.525905+00:00,-3.863863907479618,-14.353389322758288,517.84,500.49,499.93,554.71,368.15
2020-09-29 21:31:15.533905+00:00,-3.8308417485571034,-14.38175010920212,518.04,500.22,499.71,554.45,367.96
2020-09-29 21:31:15.541905+00:00,-3.4171062001387345,-14.693182691242388,517.67,500.02,500.25,554.56,368.36
2020-09-29 21:31:15.549905+00:00,-3.5600761393095515,-14.617113625909967,517.99,499.87,500.61,554.54,368.14
2020-09-29 21:31:15.557905+00:00,-3.708881925143297,-14.62383364149911,517.82,499.71,500.51,554.41,368.2
2020-09-29 21:31:15.565905+00:00,-3.9469422222582637,-14.806455200006845,518.07,499.16,500.64,554.54,368.34
2020-09-29 21:31:15.573905+00:00,-4.048331738615299,-14.932931342071972,517.58,499.5,501.51,555.15,368.22
2020-09-29 21:31:15.581905+00:00,-4.388140434576756,-14.938676846084693,517.42,499.81,501.97,555.41,367.7
2020-09-29 21:31:15.589905+00:00,-4.752799176303642,-15.257291765966048,518.24,498.27,500.89,554.7,368.61
2020-09-29 21:31:15.597905+00:00,-4.85417405662231,-15.38354404951235,518.44,498.06,501.15,555.05,368.34
2020-09-29 21:31:15.605905+00:00,-4.972751796057001,-15.444058998482285,517.94,497.65,501.71,555.67,368.45
2020-09-29 21:31:15.613905+00:00,-5.277512798798662,-15.564164856966967,517.86,496.73,501.78,555.44,368.25
2020-09-29 21:31:15.621905+00:00,-5.9411067576916015,-15.573893137630916,517.5,495.4,501.54,556.19,369.24
2020-09-29 21:31:15.629905+00:00,-6.325639285958778,-15.525512448690884,516.49,494.66,501.87,557.52,369.89
2020-09-29 21:31:15.637905+00:00,-6.985622474735746,-15.571123805878686,518.43,495.75,502.17,555.63,368.53
2020-09-29 21:31:15.645905+00:00,-6.972977730402073,-15.05733355131025,517.66,494.82,502.58,555.99,368.94
2020-09-29 21:31:15.653905+00:00,-9.454631133960817,-12.42971112412679,518.15,494.42,503.12,556.45,368.17
2020-09-29 21:31:15.661905+00:00,-10.86036776225564,-11.438507540527848,517.62,493.66,503.52,556.82,368.73
2020-09-29 21:31:15.669905+00:00,-11.15183533658503,-12.023848258584573,517.71,493.74,503.5,556.85,368.78
2020-09-29 21:31:15.677905+00:00,-11.536962986435636,-12.530884934010622,517.74,493.56,504.48,557.19,367.85
2020-09-29 21:31:15.685905+00:00,-12.51603674665294,-11.978372428880776,517.77,492.52,504.69,558.15,368.9
2020-09-29 21:31:15.693905+00:00,-13.381252194647683,-11.027015681537778,517.71,491.75,504.61,558.05,368.85
2020-09-29 21:31:15.701905+00:00,-13.839456751338245,-12.084381498176496,517.82,492.08,505.25,558.36,368.67
2020-09-29 21:31:15.709905+00:00,-14.648746259785039,-12.711474438625158,517.04,491.13,505.83,558.89,368.62
2020-09-29 21:31:15.717905+00:00,-13.676110496396499,-13.960777339068144,516.81,491.17,506.28,558.42,367.45
2020-09-29 21:31:15.725905+00:00,-14.4458832551253,-13.722362142668121,517.78,492.25,506.76,559.44,367.64
2020-09-29 21:31:15.733905+00:00,-15.838466492388854,-12.069557113136705,517.48,490.93,506.45,560.49,368.64
2020-09-29 21:31:15.741905+00:00,-15.689211060308098,-12.456509861073618,518.05,490.84,507.27,560.91,368.33
2020-09-29 21:31:15.749905+00:00,-15.474641881248585,-13.164062266359434,517.71,490.25,507.31,561.22,368.86
2020-09-29 21:31:15.757905+00:00,-16.080696962718754,-13.566909363044259,519.31,491.1,507.46,561.21,368.54
2020-09-29 21:31:15.765905+00:00,-16.251317843797292,-14.60151439149877,520.56,491.45,507.7,561.75,368.62
2020-09-29 21:31:15.773905+00:00,-16.34701696738278,-15.513653227704157,517.46,489.52,507.77,563.4,368.97
2020-09-29 21:31:15.781905+00:00,-17.420987995590618,-15.24366086023076,518.06,489.62,508.01,564.48,368.36
2020-09-29 21:31:15.789905+00:00,-18.47563404036255,-14.59955651067011,517.67,489.03,508.63,565.09,368.55
2020-09-29 21:31:15.797905+00:00,-20.295447586281135,-14.57993261774241,517.93,488.39,508.74,565.67,368.64
2020-09-29 21:31:15.805905+00:00,-21.620522396996577,-15.60364949182162,517.83,488.1,509.04,566.8,369.35
2020-09-29 21:31:15.813905+00:00,-21.505796263773668,-16.575734326403744,518.2,488.05,509.38,567.74,368.66
2020-09-29 21:31:15.821905+00:00,-23.1046069472782,-15.58616314355741,517.97,487.54,509.84,568.67,368.74
2020-09-29 21:31:15.829905+00:00,-23.56604327874407,-16.503301855392493,517.96,487.69,509.94,569.25,368.59
2020-09-29 21:31:15.837905+00:00,-23.886189556732432,-16.88863960671339,518.21,487.26,509.72,570.46,368.66
2020-09-29 21:31:15.845905+00:00,-25.32084740554546,-16.869910963781628,518.34,487.43,510.56,571.34,368.74
2020-09-29 21:31:15.853905+00:00,-26.17100057486559,-16.895149611284964,518.13,487.62,510.58,572.09,368.52
2020-09-29 21:31:15.861905+00:00,-26.920913500445433,-16.557420192678407,518.44,487.23,510.51,573.17,369.14
2020-09-29 21:31:15.869905+00:00,-27.84903493658433,-16.615732810383914,518.3,486.44,511.01,574.67,368.75
2020-09-29 21:31:15.877905+00:00,-28.560735937123063,-16.85767465479302,518.82,486.77,510.69,575.64,368.72
2020-09-29 21:31:15.885905+00:00,-29.299874141503324,-17.00402202564033,518.7,486.39,511.24,576.57,368.63
2020-09-29 21:31:15.893905+00:00,-29.958062477272104,-17.278161011989283,518.7,486.15,511.86,577.16,367.86
2020-09-29 21:31:15.901905+00:00,-31.282456621509265,-17.33247596944206,519.14,486.19,511.16,578.48,368.84
2020-09-29 21:31:15.909905+00:00,-31.997277900573856,-17.427405003428113,519.43,485.82,511.57,579.21,369.14
2020-09-29 21:31:15.917905+00:00,-32.599112953849065,-17.59283515886188,519.9,485.77,511.59,579.76,369.06
2020-09-29 21:31:15.925905+00:00,-33.81092978241786,-17.499559666875953,520.07,485.68,512.02,580.48,368.95
2020-09-29 21:31:15.933905+00:00,-35.00280397791342,-17.33954371807889,519.3,485.45,512.24,582.0,368.91
2020-09-29 21:31:15.941905+00:00,-35.55041353020311,-17.824192339993214,519.34,485.14,512.52,582.73,368.81
2020-09-29 21:31:15.949905+00:00,-36.239196454703304,-18.247904816657517,520.28,485.3,512.43,582.11,369.01
2020-09-29 21:31:15.957905+00:00,-36.77869482950908,-18.274253458549207,520.15,485.37,512.62,582.89,368.94
2020-09-29 21:31:15.965905+00:00,-37.233644640226,-18.172345635624456,520.04,485.35,512.73,583.34,368.35
2020-09-29 21:31:15.973905+00:00,-37.82217372327643,-18.197025363568198,519.82,485.54,513.52,583.86,368.5
2020-09-29 21:31:15.981905+00:00,-38.35231898599047,-18.267967481123875,520.16,484.59,513.28,585.07,368.93
2020-09-29 21:31:15.989905+00:00,-38.43344002494269,-18.304761122931563,520.69,483.89,513.09,585.67,369.34
2020-09-29 21:31:15.997905+00:00,-38.77679915391695,-18.289117609931434,520.52,485.03,513.76,585.17,368.63
2020-09-29 21:31:16.005905+00:00,-39.34475444599761,-18.07915462770951,520.58,485.43,514.03,585.03,368.67
2020-09-29 21:31:16.013905+00:00,-39.90585593270527,-18.11884333270571,520.66,484.96,514.04,585.14,368.77
2020-09-29 21:31:16.021905+00:00,-40.43177162817341,-17.32988569480518,520.43,485.01,514.35,585.71,368.56
2020-09-29 21:31:16.029905+00:00,-40.852398736899,-16.62097744989043,520.43,485.11,514.48,585.65,368.81
2020-09-29 21:31:16.037905+00:00,-40.81600996294211,-16.869171986170155,520.52,484.99,514.97,585.72,368.4
2020-09-29 21:31:16.045905+00:00,-41.01896618598704,-17.050386774160938,520.46,485.05,515.45,586.04,368.52
2020-09-29 21:31:16.053905+00:00,-40.685705774573584,-16.95331449312174,520.38,484.49,515.0,586.13,368.89
2020-09-29 21:31:16.061905+00:00,-40.45297063008931,-17.100292464120947,520.45,485.17,515.26,586.63,368.43
2020-09-29 21:31:16.069905+00:00,-40.74553244172462,-17.58373540312462,519.97,484.58,515.82,586.78,369.12
2020-09-29 21:31:16.077905+00:00,-41.037440105651356,-17.046403669822787,520.84,484.11,515.42,586.27,369.13
2020-09-29 21:31:16.085905+00:00,-41.141451400297264,-16.747906953328375,520.86,484.93,515.61,585.97,368.53
2020-09-29 21:31:16.093905+00:00,-41.2120889733974,-16.64979252068453,519.04,484.75,516.93,587.25,369.34
2020-09-29 21:31:16.101905+00:00,-41.0863015741505,-16.818810561710837,519.94,484.61,516.5,587.24,368.95
2020-09-29 21:31:16.109905+00:00,-41.313708679042655,-16.491410944215446,519.85,484.81,516.54,587.43,369.18
2020-09-29 21:31:16.117905+00:00,-41.37374547202282,-16.40541963541547,518.61,484.19,517.1,587.13,369.15
2020-09-29 21:31:16.125905+00:00,-41.574675728601186,-16.30369219589555,518.1,483.47,517.37,587.43,369.16
2020-09-29 21:31:16.133905+00:00,-41.723695342377304,-16.469998564304845,519.54,484.61,517.37,588.34,369.31
2020-09-29 21:31:16.141905+00:00,-41.60804390742686,-16.50922285902475,518.97,484.66,517.55,588.05,368.82
2020-09-29 21:31:16.149905+00:00,-41.43605627648566,-16.458531423293373,518.73,484.34,518.13,587.97,368.83
2020-09-29 21:31:16.157905+00:00,-41.4117923376573,-16.432531645999667,518.57,484.85,518.5,588.23,368.8
2020-09-29 21:31:16.165905+00:00,-41.4724226003773,-16.28881799376268,518.83,485.4,518.41,587.8,368.5
2020-09-29 21:31:16.173905+00:00,-41.39145052256035,-16.493271105059563,518.59,484.52,518.63,588.06,369.18
2020-09-29 21:31:16.181905+00:00,-41.90575238981491,-16.21230212967349,518.53,484.23,519.0,588.08,368.69
2020-09-29 21:31:16.189905+00:00,-42.41993177108721,-15.80146394150563,518.84,484.49,519.0,587.75,368.79
2020-09-29 21:31:16.197905+00:00,-42.051375413990854,-15.638867400424022,518.47,484.59,519.16,588.09,369.35
2020-09-29 21:31:16.205905+00:00,-41.718046097762056,-15.773244141465218,518.33,484.79,519.29,587.97,369.37
2020-09-29 21:31:16.213905+00:00,-42.25762363573578,-15.506324778067349,518.71,485.01,519.83,587.65,369.26
2020-09-29 21:31:16.221905+00:00,-42.59045907006101,-15.266536855299336,518.2,484.46,519.96,587.62,368.86
2020-09-29 21:31:16.229905+00:00,-42.55650367145262,-15.255879238651723,518.14,484.8,519.93,587.39,368.44
2020-09-29 21:31:16.237905+00:00,-42.510204984968944,-15.074720966150668,517.66,484.49,519.83,588.03,368.82
2020-09-29 21:31:16.245905+00:00,-42.55464179887582,-15.121660954044966,517.44,484.47,520.61,588.45,369.15
2020-09-29 21:31:16.253905+00:00,-42.093546623445704,-15.473935383416986,518.41,484.21,519.44,588.04,369.62
2020-09-29 21:31:16.261905+00:00,-41.8352221801995,-15.692043100947197,518.41,483.75,518.64,587.5,369.84
2020-09-29 21:31:16.269905+00:00,-41.801435914898065,-15.641464755593606,517.55,484.65,520.69,587.92,368.79
2020-09-29 21:31:16.277905+00:00,-41.860479110293554,-15.55547142378562,517.75,484.36,520.42,588.05,368.88
2020-09-29 21:31:16.285905+00:00,-41.47626127234199,-15.58397702220603,517.41,484.23,520.64,587.79,368.89
2020-09-29 21:31:16.293905+00:00,-41.93224170877718,-15.171246137795027,517.11,484.19,521.15,588.63,368.83
2020-09-29 21:31:16.301905+00:00,-42.02062693741984,-15.228507064596757,517.21,484.06,521.14,588.76,369.29
2020-09-29 21:31:16.309905+00:00,-41.45524921905881,-15.47754388275987,517.41,484.71,520.64,587.58,368.64
2020-09-29 21:31:16.317905+00:00,-41.96914885082841,-15.104964641725319,517.25,484.51,520.4,587.64,368.83
2020-09-29 21:31:16.325905+00:00,-42.327722735572856,-14.90876334297697,517.36,484.35,520.91,587.59,369.09
2020-09-29 21:31:16.333905+00:00,-42.544470244403556,-14.64156710912485,517.4,484.72,521.66,587.81,368.79
2020-09-29 21:31:16.341905+00:00,-42.161432193512404,-14.832688666784055,516.19,482.46,520.65,588.28,370.21
2020-09-29 21:31:16.349905+00:00,-42.39214595086964,-14.549933422635522,516.08,481.99,520.17,588.48,370.45
2020-09-29 21:31:16.357905+00:00,-42.75476344809322,-14.368045178507694,517.86,484.58,521.39,587.72,368.93
2020-09-29 21:31:16.365905+00:00,-42.59269528586736,-14.379701429985476,517.34,484.54,521.37,587.87,369.25
2020-09-29 21:31:16.373905+00:00,-42.90164303527447,-14.094579579044622,517.02,484.7,521.62,587.95,368.8
2020-09-29 21:31:16.381905+00:00,-42.88409225087662,-14.082322399995363,516.73,484.25,522.06,588.19,369.27
2020-09-29 21:31:16.389905+00:00,-42.3513860699003,-14.185113006162522,516.73,483.98,520.97,587.27,369.16
2020-09-29 21:31:16.397905+00:00,-42.66051775870254,-14.384686341841386,517.11,483.92,521.04,586.96,369.05
2020-09-29 21:31:16.405905+00:00,-42.78267405760421,-14.439669864519376,517.32,484.71,521.97,587.47,368.92
2020-09-29 21:31:16.413905+00:00,-42.76723114588616,-14.380353305913633,516.99,485.56,522.44,587.18,368.49
2020-09-29 21:31:16.421905+00:00,-42.697659852509084,-14.441782730362917,516.08,484.64,523.05,587.99,368.85
2020-09-29 21:31:16.429905+00:00,-42.76233775875217,-14.06058362750423,516.56,484.14,522.44,588.11,369.06
2020-09-29 21:31:16.437905+00:00,-42.50037194670547,-14.065035358394113,517.29,484.18,521.76,587.45,368.92
2020-09-29 21:31:16.445905+00:00,-42.34790169808516,-14.5656839267091,516.98,484.09,522.56,588.04,369.56
2020-09-29 21:31:16.453905+00:00,-42.52115527976241,-14.35415926933806,517.15,484.09,521.92,587.95,369.24
2020-09-29 21:31:16.461905+00:00,-42.49536857651739,-14.080946872198766,517.21,484.18,521.71,587.57,368.94
2020-09-29 21:31:16.469905+00:00,-42.35367486533154,-14.20319975426382,516.92,484.33,522.09,587.29,369.47
2020-09-29 21:31:16.477905+00:00,-42.52021279494167,-13.68160002587345,516.59,484.56,523.04,588.91,368.34
2020-09-29 21:31:16.485905+00:00,-42.6935180083914,-13.808902043835161,516.23,484.58,522.9,589.34,368.35
2020-09-29 21:31:16.493905+00:00,-42.525163230160544,-14.101434621088483,516.43,484.16,521.59,587.55,369.41
2020-09-29 21:31:16.501905+00:00,-42.491397057696766,-14.134839967552406,517.0,484.1,521.82,587.5,369.18
2020-09-29 21:31:16.509905+00:00,-42.594834038695666,-13.862147337240748,517.59,484.35,521.33,587.47,368.87
2020-09-29 21:31:16.517905+00:00,-42.673105172921105,-14.244024119911284,517.4,484.19,520.86,587.1,369.09
2020-09-29 21:31:16.525905+00:00,-42.5969825439241,-14.586323946633993,517.0,484.2,521.1,587.14,368.72
2020-09-29 21:31:16.533905+00:00,-42.60210387011347,-14.557372521802062,517.02,484.38,521.22,587.53,368.75
2020-09-29 21:31:16.541905+00:00,-42.504831654680515,-14.639651177013958,516.94,483.84,520.92,587.81,368.95
2020-09-29 21:31:16.549905+00:00,-42.44840353616226,-14.69324629069533,517.28,484.13,520.31,587.06,368.89
2020-09-29 21:31:16.557905+00:00,-42.491486790492075,-15.28803928603889,517.86,484.68,520.54,586.59,369.1
2020-09-29 21:31:16.565905+00:00,-42.35031422904049,-15.914341488379446,518.17,484.25,519.39,586.0,369.32
2020-09-29 21:31:16.573905+00:00,-42.10584493490213,-15.30823555408585,517.58,484.34,518.58,585.81,369.46
2020-09-29 21:31:16.581905+00:00,-41.65629916971147,-15.318581925344947,517.17,484.6,520.11,586.63,369.04
2020-09-29 21:31:16.589905+00:00,-41.47374810681666,-15.433897420494848,517.83,484.02,519.23,586.17,369.31
2020-09-29 21:31:16.597905+00:00,-41.32387215271894,-15.408417411117085,517.55,484.04,518.69,585.72,369.16
2020-09-29 21:31:16.605905+00:00,-40.941916587462266,-15.76469561569683,517.36,484.7,519.01,585.36,368.16
2020-09-29 21:31:16.613905+00:00,-40.6220152322256,-15.843987754077869,518.05,482.04,516.34,585.7,370.87
2020-09-29 21:31:16.621905+00:00,-40.41236275446803,-15.87236903008097,518.36,481.97,515.42,585.51,371.44
2020-09-29 21:31:16.629905+00:00,-40.341424593268655,-15.836877001994079,517.97,485.37,519.02,584.58,367.94
2020-09-29 21:31:16.637905+00:00,-40.1579478932427,-16.05450756411529,517.5,483.86,518.28,584.62,369.08
2020-09-29 21:31:16.645905+00:00,-39.71533202203575,-16.254729297024937,517.34,484.53,517.74,584.27,369.06
2020-09-29 21:31:16.653905+00:00,-39.444941475693675,-16.048966909045934,517.45,484.57,517.83,584.25,368.81
2020-09-29 21:31:16.661905+00:00,-39.29170069956122,-16.25986345028799,517.71,484.45,517.6,583.85,368.45
2020-09-29 21:31:16.669905+00:00,-38.93885751548671,-16.109819609069177,518.28,484.69,516.6,582.72,369.03
2020-09-29 21:31:16.677905+00:00,-38.121756123852855,-16.832054492944494,517.66,484.61,516.4,582.29,368.69
2020-09-29 21:31:16.685905+00:00,-37.36976878627425,-17.096487483420788,518.0,484.51,515.95,582.03,368.47
2020-09-29 21:31:16.693905+00:00,-36.77147713576075,-16.97287609077453,517.72,484.65,515.53,581.87,368.54
2020-09-29 21:31:16.701905+00:00,-36.29780862305386,-17.155479648784226,519.7,484.8,513.66,580.01,369.34
2020-09-29 21:31:16.709905+00:00,-35.95988799606231,-17.27519638769712,520.42,484.89,512.88,579.53,369.36
2020-09-29 21:31:16.717905+00:00,-35.58309928875382,-17.165996290649336,518.09,484.43,513.93,580.48,369.02
2020-09-29 21:31:16.725905+00:00,-34.67811978609552,-17.312213304455458,518.07,484.5,513.7,579.88,369.17
2020-09-29 21:31:16.733905+00:00,-34.22699463989852,-17.016166697344236,518.05,484.6,513.44,579.76,368.85
2020-09-29 21:31:16.741905+00:00,-33.79574481483437,-16.935419380300452,518.65,485.32,513.31,578.64,367.88
2020-09-29 21:31:16.749905+00:00,-33.37249041281964,-17.173147164005755,518.1,485.07,512.78,578.19,367.66
2020-09-29 21:31:16.757905+00:00,-32.824194841202896,-17.171413098458697,517.78,484.48,512.17,578.46,368.67
2020-09-29 21:31:16.765905+00:00,-32.28221162669442,-17.345186706033015,518.55,485.03,511.83,577.4,368.47
2020-09-29 21:31:16.773905+00:00,-32.0645421316247,-17.41396875000674,518.6,485.01,511.42,576.86,368.47
2020-09-29 21:31:16.781905+00:00,-32.02597815278641,-17.326392571031473,518.56,484.91,511.58,576.98,368.34
2020-09-29 21:31:16.789905+00:00,-31.281817744381264,-17.35361055847628,518.86,485.18,511.19,575.85,368.0
2020-09-29 21:31:16.797905+00:00,-30.722097876856555,-17.338181344137677,519.9,486.47,510.63,574.34,368.37
2020-09-29 21:31:16.805905+00:00,-30.32558773551641,-17.472820109324555,519.42,485.73,510.3,574.45,368.85
2020-09-29 21:31:16.813905+00:00,-29.725598658835683,-17.48945725030103,518.2,485.03,509.74,574.54,368.9
2020-09-29 21:31:16.821905+00:00,-28.731284057459696,-17.836779950708085,517.92,485.44,509.68,574.0,368.6
2020-09-29 21:31:16.829905+00:00,-28.176641691368495,-17.783052102767364,518.87,484.98,509.08,573.56,368.7
2020-09-29 21:31:16.837905+00:00,-27.58666914172186,-17.89432707378693,518.54,485.33,508.76,573.45,368.42
2020-09-29 21:31:16.845905+00:00,-27.430590387257134,-17.304774844867197,518.37,485.47,508.65,572.71,367.8
2020-09-29 21:31:16.853905+00:00,-26.33486038918148,-17.669691437599063,519.02,485.44,507.34,571.74,368.23
2020-09-29 21:31:16.861905+00:00,-25.073052854441578,-18.648253121785675,518.83,485.52,506.97,571.0,368.42
2020-09-29 21:31:16.869905+00:00,-24.833410519566563,-17.918783532198294,518.77,486.1,506.89,569.79,368.42
2020-09-29 21:31:16.877905+00:00,-23.959949634202623,-18.26327801353449,518.89,486.21,506.92,569.58,368.29
2020-09-29 21:31:16.885905+00:00,-23.31084522227565,-18.84330268425832,518.39,485.94,506.8,569.49,368.57
2020-09-29 21:31:16.893905+00:00,-23.286234497954048,-17.619703144266214,518.41,486.41,506.42,568.23,368.62
2020-09-29 21:31:16.901905+00:00,-22.039942679402554,-18.32986612226444,518.94,486.71,506.27,567.97,368.58
2020-09-29 21:31:16.909905+00:00,-21.167398511256092,-18.613438024406754,518.82,486.58,505.75,567.33,368.62
2020-09-29 21:31:16.917905+00:00,-20.676338100311895,-18.74771368859262,518.58,486.59,505.92,566.95,368.29
2020-09-29 21:31:16.925905+00:00,-20.4844606350953,-18.729983306800353,519.54,487.0,503.95,564.95,369.64
2020-09-29 21:31:16.933905+00:00,-19.768427873229207,-18.33337010117047,519.95,487.62,503.51,564.2,369.4
2020-09-29 21:31:16.941905+00:00,-18.600884472122246,-17.949285756108708,518.74,487.67,505.17,565.67,367.99
2020-09-29 21:31:16.949905+00:00,-17.946856744617467,-18.189050609039466,518.73,487.6,504.29,564.64,368.49
2020-09-29 21:31:16.957905+00:00,-17.438983850007116,-18.0928045469948,519.25,487.91,504.16,564.39,368.72
2020-09-29 21:31:16.965905+00:00,-16.43682553394666,-17.882824210859464,519.91,488.75,503.36,563.64,368.77
2020-09-29 21:31:16.973905+00:00,-15.9475373643839,-17.951810872594773,518.76,488.78,503.04,563.08,368.33
2020-09-29 21:31:16.981905+00:00,-15.240307251000715,-17.03475753953944,518.83,489.31,503.13,562.39,367.85
2020-09-29 21:31:16.989905+00:00,-14.487566148565648,-16.60630084448373,519.89,490.58,502.38,561.65,368.42
2020-09-29 21:31:16.997905+00:00,-13.586016823063591,-17.88487728248191,519.6,490.51,501.85,561.63,368.73
2020-09-29 21:31:17.005905+00:00,-13.27463049872145,-17.77762462139203,519.86,491.33,501.47,560.51,368.17
2020-09-29 21:31:17.013905+00:00,-12.529678039353026,-16.578190602018562,518.72,491.12,501.7,560.57,368.57
2020-09-29 21:31:17.021905+00:00,-13.620334282076698,-14.337369248689656,518.38,491.26,501.57,560.72,368.73
2020-09-29 21:31:17.029905+00:00,-11.374329712237587,-16.081776684807004,519.48,492.82,501.38,559.48,368.4
2020-09-29 21:31:17.037905+00:00,-9.144041538379705,-17.820701639725723,519.25,493.09,501.34,559.17,368.71
2020-09-29 21:31:17.045905+00:00,-8.880485571220085,-17.704229494993633,519.37,493.63,501.12,558.83,368.31
2020-09-29 21:31:17.053905+00:00,-10.895952483845434,-15.048843361112702,519.69,493.94,501.44,558.63,368.22
2020-09-29 21:31:17.061905+00:00,-9.510657763951942,-16.66110732158113,519.39,494.35,500.76,558.19,368.37
2020-09-29 21:31:17.069905+00:00,-7.345115310537244,-18.115301976158626,519.49,494.78,500.31,557.79,368.7
2020-09-29 21:31:17.077905+00:00,-6.949290226368861,-18.0084389105776,519.32,495.36,500.52,557.81,368.01
2020-09-29 21:31:17.085905+00:00,-6.881794378857475,-17.545431084823793,519.34,495.89,499.91,558.1,368.29
2020-09-29 21:31:17.093905+00:00,-6.439363222075496,-17.134241774125393,519.81,496.19,499.88,557.65,368.7
2020-09-29 21:31:17.101905+00:00,-5.777618846716123,-17.568298031392697,519.85,496.96,499.68,557.13,368.36
2020-09-29 21:31:17.109905+00:00,-5.8317551831610155,-15.957734100373116,519.48,497.7,499.23,557.09,368.3
2020-09-29 21:31:17.117905+00:00,-5.223625616529136,-16.126009739377317,519.21,498.09,498.88,556.77,368.28
2020-09-29 21:31:17.125905+00:00,-4.954068903371966,-16.58342206423949,519.25,498.25,498.32,556.63,369.11
2020-09-29 21:31:17.133905+00:00,-4.519533484660723,-16.332854432960698,519.32,499.53,498.32,556.27,368.49
2020-09-29 21:31:17.141905+00:00,-3.700370095477008,-15.546921296266998,519.19,500.7,498.22,555.78,367.89
2020-09-29 21:31:17.149905+00:00,-2.7825476575369144,-15.9877570787305,518.05,500.5,498.32,556.48,368.44
2020-09-29 21:31:17.157905+00:00,-2.579958294690032,-15.71344641434227,517.97,501.35,497.9,556.29,368.38
2020-09-29 21:31:17.165905+00:00,-1.9654096060354551,-15.481667971813465,518.91,502.27,497.4,555.35,368.43
2020-09-29 21:31:17.173905+00:00,-1.5426272739567464,-15.267149078563095,518.73,502.39,496.89,555.08,368.65
2020-09-29 21:31:17.181905+00:00,-1.409789949166737,-14.818226799885593,518.29,503.62,496.8,554.94,368.54
2020-09-29 21:31:17.189905+00:00,-1.5590906908969022,-14.61627750797293,518.26,504.06,497.11,554.85,368.47
2020-09-29 21:31:17.197905+00:00,-1.070806419107898,-13.6166935221628,517.81,504.03,497.39,554.78,367.9
2020-09-29 21:31:17.205905+00:00,-1.3215339222579743,-12.7523133293501,517.27,504.87,498.43,555.56,367.63
2020-09-29 21:31:17.213905+00:00,-0.8070534550596817,-13.192494293640184,518.03,505.27,497.85,554.85,367.52
2020-09-29 21:31:17.221905+00:00,0.08386176012257426,-13.450302550769235,517.96,505.17,497.16,554.0,367.65
2020-09-29 21:31:17.229905+00:00,0.6235226186377911,-13.556035074834714,517.72,505.3,497.48,553.9,368.14
2020-09-29 21:31:17.237905+00:00,0.6071406972613954,-14.119601346947752,517.04,505.83,497.97,554.52,367.99
2020-09-29 21:31:17.245905+00:00,0.623783341394251,-13.684569925380767,517.83,506.49,497.97,553.97,367.92
2020-09-29 21:31:17.253905+00:00,0.335751778926421,-13.986868607217547,518.09,506.13,497.46,553.56,368.43
2020-09-29 21:31:17.261905+00:00,0.5278424747609038,-13.830779906299608,516.59,505.12,497.58,554.18,368.37
2020-09-29 21:31:17.269905+00:00,0.8914239609718887,-14.05162986116936,516.89,505.0,497.49,553.89,368.12
2020-09-29 21:31:17.277905+00:00,0.7540919147320351,-13.576838432158597,517.03,504.97,497.08,553.96,368.42
2020-09-29 21:31:17.285905+00:00,0.7395484525439504,-13.530523428063603,517.91,505.76,496.73,553.64,368.0
2020-09-29 21:31:17.293905+00:00,0.7493308587164966,-13.670204359471642,516.24,503.67,495.82,554.43,370.03
2020-09-29 21:31:17.301905+00:00,0.8018915101910814,-13.306827779367088,515.92,503.46,496.56,554.69,369.8
2020-09-29 21:31:17.309905+00:00,0.7294226739134246,-13.436467407379267,517.39,505.83,497.35,553.9,367.97
2020-09-29 21:31:17.317905+00:00,1.050442574600938,-13.56923374387826,517.24,505.62,496.74,553.46,368.44
2020-09-29 21:31:17.325905+00:00,0.839551214767265,-12.820272754562282,517.44,505.87,497.17,554.02,368.05
2020-09-29 21:31:17.333905+00:00,1.0204173794138454,-13.302182186015356,517.34,506.01,496.09,554.11,369.03
2020-09-29 21:31:17.341905+00:00,1.2809201494892914,-13.32776834498657,517.3,505.75,496.08,553.4,368.81
2020-09-29 21:31:17.349905+00:00,0.7463949190288712,-12.078268899319383,517.27,505.86,497.38,553.72,368.09
2020-09-29 21:31:17.357905+00:00,1.0227148843901432,-13.155009764642838,517.78,505.95,497.07,553.93,368.48
2020-09-29 21:31:17.365905+00:00,0.6236243106542235,-13.209679758163217,517.39,506.02,496.88,553.56,367.97
2020-09-29 21:31:17.373905+00:00,0.7677648500692731,-13.452855585584919,517.02,505.93,497.19,553.44,367.99
2020-09-29 21:31:17.381905+00:00,0.5896538530786573,-13.233617376800215,517.62,505.59,497.22,553.76,368.46
2020-09-29 21:31:17.389905+00:00,0.2773279652799256,-12.98265827147371,517.78,505.67,497.07,553.68,368.48
2020-09-29 21:31:17.397905+00:00,0.2922722569991022,-12.887750379228283,517.36,505.64,497.14,553.38,368.25
2020-09-29 21:31:17.405905+00:00,0.29815120914850857,-13.161300411148925,517.22,505.65,497.28,553.56,368.36
2020-09-29 21:31:17.413905+00:00,0.3105627532010599,-13.26774387499098,517.35,505.63,497.2,553.66,368.1
2020-09-29 21:31:17.421905+00:00,0.12264147227621111,-13.544819897344373,517.83,505.05,496.74,553.33,368.53
2020-09-29 21:31:17.429905+00:00,-0.07988547118602705,-13.234342982501659,517.74,505.49,497.02,553.49,368.78
2020-09-29 21:31:17.437905+00:00,0.06412644532267558,-13.712099218894961,517.6,505.76,497.27,553.44,368.28
2020-09-29 21:31:17.445905+00:00,-0.24987010954504812,-12.78594095444217,517.49,505.09,497.37,553.44,368.2
2020-09-29 21:31:17.453905+00:00,-0.08586631658223298,-13.11452836061751,517.38,504.72,497.36,553.96,368.51
2020-09-29 21:31:17.461905+00:00,-0.3905493488772596,-13.637575070016695,517.42,505.61,497.16,553.78,368.94
2020-09-29 21:31:17.469905+00:00,-0.12494068278700807,-14.235943072921215,516.5,504.49,496.85,553.65,369.11
2020-09-29 21:31:17.477905+00:00,0.4095332296057545,-15.017581944240824,516.82,504.4,497.19,553.9,368.06
2020-09-29 21:31:17.485905+00:00,0.5401804139518653,-13.843217928919115,517.65,505.47,497.46,553.47,368.02
2020-09-29 21:31:17.493905+00:00,0.222007155413446,-14.032346766826434,516.71,505.76,497.63,553.87,368.04
2020-09-29 21:31:17.501905+00:00,0.43096333471678216,-14.640050760337244,516.46,504.9,497.26,554.38,367.99
2020-09-29 21:31:17.509905+00:00,0.49400109094029493,-14.633670236852309,517.02,503.96,497.35,553.99,368.13
2020-09-29 21:31:17.517905+00:00,0.19005812789973325,-14.868181538048065,517.22,504.37,497.62,554.3,368.4
2020-09-29 21:31:17.525905+00:00,0.11097380227014042,-14.905226875000315,516.96,504.39,497.35,554.02,368.84
2020-09-29 21:31:17.533905+00:00,-0.13614814884753967,-14.52075885271787,517.27,504.49,497.43,553.77,368.23
2020-09-29 21:31:17.541905+00:00,-0.11676786852589316,-14.347583411138022,517.57,504.68,497.38,553.78,367.92
2020-09-29 21:31:17.549905+00:00,-0.3945455663287078,-14.42112605699861,516.65,504.0,498.2,553.82,368.14
2020-09-29 21:31:17.557905+00:00,-0.303552268546852,-14.376093187128664,518.87,505.36,497.41,552.63,367.74
2020-09-29 21:31:17.565905+00:00,-0.8748009961920614,-14.249025543729276,518.47,504.96,497.65,553.44,368.0
2020-09-29 21:31:17.573905+00:00,-0.0001037549816450059,-14.232800427222635,517.25,503.59,498.29,554.13,368.42
2020-09-29 21:31:17.581905+00:00,-0.19161006938831995,-13.79324173680547,517.85,504.72,497.88,553.42,367.61
2020-09-29 21:31:17.589905+00:00,-0.2797217759623042,-14.445480403175257,516.6,503.39,498.0,554.82,368.35
2020-09-29 21:31:17.597905+00:00,0.38782735012744757,-14.67338402698207,516.52,502.97,498.87,555.39,368.42
2020-09-29 21:31:17.605905+00:00,-0.10885008148942363,-14.336977268069154,517.59,502.97,497.2,553.68,369.37
2020-09-29 21:31:17.613905+00:00,0.31865192915120644,-14.388965604307517,517.55,503.05,496.64,553.39,369.53
2020-09-29 21:31:17.621905+00:00,0.6204918635715967,-14.368238081132544,517.37,503.31,497.97,553.74,368.42
2020-09-29 21:31:17.629905+00:00,0.823906653488947,-14.587779290376972,517.86,503.06,497.89,554.16,368.47
2020-09-29 21:31:17.637905+00:00,0.3003825294737692,-14.075565993918678,518.39,503.5,497.41,553.94,368.43
2020-09-29 21:31:17.645905+00:00,-0.17320227043345293,-13.776461338867835,517.58,503.27,497.44,553.97,368.9
2020-09-29 21:31:17.653905+00:00,0.17597530136181716,-14.432187283674995,517.28,503.13,498.09,554.39,368.37
2020-09-29 21:31:17.661905+00:00,0.2391696902070541,-14.387311962057819,517.59,503.55,498.17,554.16,368.19
2020-09-29 21:31:17.669905+00:00,0.33501789423500805,-14.534732381427487,517.61,503.36,497.27,554.17,368.57
2020-09-29 21:31:17.677905+00:00,0.020535978598795766,-13.680951857275122,517.64,503.38,497.42,553.97,368.49
2020-09-29 21:31:17.685905+00:00,0.15377560740585536,-12.919191494829214,518.1,503.68,497.75,553.21,368.44
2020-09-29 21:31:17.693905+00:00,0.14643894799391788,-14.222160233347797,517.21,503.79,499.25,554.44,367.68
2020-09-29 21:31:17.701905+00:00,-0.23739057019069681,-14.877258835102674,516.93,503.59,498.66,554.81,367.95
2020-09-29 21:31:17.709905+00:00,0.23222205075982447,-14.982325778116152,517.73,503.35,497.37,554.14,368.12
2020-09-29 21:31:17.717905+00:00,0.30704593848292916,-15.15227259934581,517.71,503.09,497.71,554.18,368.47
2020-09-29 21:31:17.725905+00:00,-0.11171679829033207,-15.203718206271128,517.64,503.22,497.65,553.9,368.81
2020-09-29 21:31:17.733905+00:00,0.0328156057424955,-14.86457645075225,518.41,503.72,497.2,553.14,367.47
2020-09-29 21:31:17.741905+00:00,-0.12893295708566002,-14.563684084099656,518.63,503.82,497.32,552.97,367.79
2020-09-29 21:31:17.749905+00:00,-0.4511630465953809,-14.704043221076573,518.13,503.73,497.83,553.9,368.15
2020-09-29 21:31:17.757905+00:00,-0.47152754735174635,-14.893221002974245,518.03,503.35,497.43,554.0,368.07
2020-09-29 21:31:17.765905+00:00,-0.5866715983827688,-14.966082836602201,518.03,503.21,497.39,554.03,368.24
2020-09-29 21:31:17.773905+00:00,-0.518977342904093,-14.93785075025216,517.85,503.36,497.37,554.24,368.12
2020-09-29 21:31:17.781905+00:00,-0.7446383620881105,-14.879052391324352,518.78,502.68,495.95,553.42,368.6
2020-09-29 21:31:17.789905+00:00,-0.4852806056989164,-15.45856333962255,519.11,502.64,496.37,554.06,368.47
2020-09-29 21:31:17.797905+00:00,-0.7648681918301036,-15.476983500937882,518.49,502.81,497.44,554.25,368.05
2020-09-29 21:31:17.805905+00:00,-1.118528734996863,-15.337932081143398,518.55,502.44,497.21,553.91,367.93
2020-09-29 21:31:17.813905+00:00,-1.5583968889791864,-15.772296288267004,518.37,501.28,496.75,554.6,368.67
2020-09-29 21:31:17.821905+00:00,-1.4933426082701913,-16.410077059744097,519.83,501.62,496.09,553.69,368.1
2020-09-29 21:31:17.829905+00:00,-1.4271231732465381,-16.922564111331397,515.83,499.78,498.11,557.64,369.01
2020-09-29 21:31:17.837905+00:00,-2.5211708740306245,-16.781153078193924,516.96,499.69,497.45,556.54,369.19
2020-09-29 21:31:17.845905+00:00,-3.1678629391752193,-16.557736374137846,520.57,500.49,496.46,553.54,368.17
2020-09-29 21:31:17.853905+00:00,-3.153674739738112,-16.0288681066863,519.58,500.6,497.37,554.61,368.2
2020-09-29 21:31:17.861905+00:00,-2.728727575835262,-16.32265641062677,520.15,500.48,496.93,554.67,368.29
2020-09-29 21:31:17.869905+00:00,-3.316228662942748,-16.25598736557974,520.08,498.82,496.68,554.97,368.54
2020-09-29 21:31:17.877905+00:00,-4.019061846050663,-16.941802439071296,520.34,498.4,497.0,554.98,368.57
2020-09-29 21:31:17.885905+00:00,-4.5228895230071,-17.391680900707726,520.68,498.34,497.16,555.05,368.38
2020-09-29 21:31:17.893905+00:00,-4.986925081512485,-17.541842469855883,520.81,497.78,497.35,555.25,368.23
2020-09-29 21:31:17.901905+00:00,-5.8207358699950404,-17.446963295227665,520.66,497.38,497.75,555.56,368.2
2020-09-29 21:31:17.909905+00:00,-6.263333756693861,-18.07543688112016,521.0,496.42,498.12,556.1,368.53
2020-09-29 21:31:17.917905+00:00,-7.453869209426115,-17.885100605298945,520.04,495.7,499.46,556.66,367.17
2020-09-29 21:31:17.925905+00:00,-7.514267174778458,-18.38663556065031,520.35,494.5,499.62,557.59,367.92
2020-09-29 21:31:17.933905+00:00,-9.47637215555081,-18.46332572043046,521.36,493.54,499.37,558.05,368.78
2020-09-29 21:31:17.941905+00:00,-13.758915585212312,-15.498297518177829,521.0,493.01,499.85,558.78,368.24
2020-09-29 21:31:17.949905+00:00,-15.44600208687442,-14.806311127539946,521.27,492.39,500.24,559.5,368.38
2020-09-29 21:31:17.957905+00:00,-16.052586014916937,-14.600499569416566,522.09,491.89,500.58,560.23,368.34
2020-09-29 21:31:17.965905+00:00,-15.262350087388269,-17.038289809941933,521.8,491.5,500.94,561.0,367.48
2020-09-29 21:31:17.973905+00:00,-14.101342466222276,-18.914237868210563,521.17,490.41,501.62,562.78,367.83
2020-09-29 21:31:17.981905+00:00,-14.910219552655839,-18.576242940746525,522.7,490.08,501.26,563.61,368.45
2020-09-29 21:31:17.989905+00:00,-17.129190074235904,-18.112753674836725,523.43,490.36,500.83,563.75,368.42
2020-09-29 21:31:17.997905+00:00,-17.870087430321007,-19.089694949749315,523.17,490.2,501.76,564.61,367.79
2020-09-29 21:31:18.005905+00:00,-19.23541582501342,-18.936433263382504,523.07,489.35,502.01,566.1,368.08
2020-09-29 21:31:18.013905+00:00,-19.428814468630115,-19.825328591591422,523.56,487.36,500.85,567.48,369.49
2020-09-29 21:31:18.021905+00:00,-19.880152854210987,-20.79672968355268,523.56,487.75,501.42,567.78,369.32
2020-09-29 21:31:18.029905+00:00,-21.84499197418694,-19.87852211576859,523.3,488.43,502.14,568.46,368.16
2020-09-29 21:31:18.037905+00:00,-23.033792062998188,-19.802354502183142,523.89,487.71,501.91,569.75,368.32
2020-09-29 21:31:18.045905+00:00,-23.195637750812402,-20.576886283606353,524.14,487.73,501.97,570.34,369.04
2020-09-29 21:31:18.053905+00:00,-23.72092406534132,-20.346173212597428,523.7,488.05,503.69,571.79,368.1
2020-09-29 21:31:18.061905+00:00,-24.420972184032067,-20.281421699418633,524.24,487.68,503.47,572.36,367.99
2020-09-29 21:31:18.069905+00:00,-25.135085998003056,-20.832516124123554,524.6,487.51,502.81,572.08,368.21
2020-09-29 21:31:18.077905+00:00,-25.67075130639835,-20.661749925287346,524.61,487.22,503.24,572.79,368.31
2020-09-29 21:31:18.085905+00:00,-26.442669238958693,-21.179953356890874,525.03,486.95,503.17,573.74,368.46
2020-09-29 21:31:18.093905+00:00,-27.094865603042805,-20.68665483370123,524.61,487.43,503.77,574.15,368.1
2020-09-29 21:31:18.101905+00:00,-27.87635089619734,-20.0241499335724,524.55,486.72,504.33,574.8,368.34
2020-09-29 21:31:18.109905+00:00,-28.130672774353194,-20.138552353160925,524.61,486.37,504.52,575.63,368.47
2020-09-29 21:31:18.117905+00:00,-28.4456700834232,-20.067583711877358,524.1,486.27,504.69,576.35,368.41
2020-09-29 21:31:18.125905+00:00,-29.243536047453635,-19.860353813086316,524.1,486.26,505.11,577.18,368.63
2020-09-29 21:31:18.133905+00:00,-29.763872150499814,-19.939655953291044,524.21,486.57,505.73,577.58,368.01
2020-09-29 21:31:18.141905+00:00,-30.93369335530638,-20.04569379031595,524.23,484.26,504.82,579.33,370.21
2020-09-29 21:31:18.149905+00:00,-32.150056705747694,-20.19162262552037,524.01,484.74,505.94,580.17,370.0
2020-09-29 21:31:18.157905+00:00,-33.04812969156009,-20.426699733223117,524.35,485.99,506.79,580.24,368.29
2020-09-29 21:31:18.165905+00:00,-33.68052862060708,-20.564772843238774,524.17,485.15,507.06,581.05,368.48
2020-09-29 21:31:18.173905+00:00,-34.435476712139355,-20.542019103516466,523.97,485.06,507.25,581.61,368.62
2020-09-29 21:31:18.181905+00:00,-35.07868393330401,-20.56822039388476,524.34,485.7,507.41,582.09,368.75
2020-09-29 21:31:18.189905+00:00,-36.042581635429244,-20.353486720837683,522.4,484.19,508.24,583.03,369.35
2020-09-29 21:31:18.197905+00:00,-37.08568566799507,-20.149000434486986,522.68,484.38,508.86,583.15,369.12
2020-09-29 21:31:18.205905+00:00,-36.7572325893478,-20.44021720223917,523.41,485.31,509.52,583.58,368.64
2020-09-29 21:31:18.213905+00:00,-37.13143035849565,-20.377519720595505,522.87,484.82,510.28,584.02,368.85
2020-09-29 21:31:18.221905+00:00,-38.13694107706496,-20.005377226679073,522.55,484.98,510.31,584.18,368.85
2020-09-29 21:31:18.229905+00:00,-38.55562377644093,-19.671838905679692,521.78,484.65,511.64,585.36,368.34
2020-09-29 21:31:18.237905+00:00,-38.93564982430206,-19.56079396151009,521.35,484.72,512.07,586.01,368.76
2020-09-29 21:31:18.245905+00:00,-39.093598536448255,-19.232827767187963,522.56,484.92,511.36,585.58,369.34
2020-09-29 21:31:18.253905+00:00,-39.32804040462898,-18.737745172499466,522.39,485.04,512.26,585.24,369.09
2020-09-29 21:31:18.261905+00:00,-39.630348567724326,-18.983834597609405,521.54,485.0,512.5,585.16,369.03
2020-09-29 21:31:18.269905+00:00,-39.75696072950949,-19.155012976570163,521.39,484.76,513.27,585.52,368.69
2020-09-29 21:31:18.277905+00:00,-39.865823149483425,-18.60615664343555,520.19,484.17,514.62,587.22,368.88
2020-09-29 21:31:18.285905+00:00,-39.939037603288384,-18.628985515331017,520.42,484.56,514.29,586.97,369.2
2020-09-29 21:31:18.293905+00:00,-40.1966737439251,-18.623513883827606,521.2,484.65,514.88,586.12,369.2
2020-09-29 21:31:18.301905+00:00,-40.381855090682365,-18.4115356525721,520.26,484.57,515.79,586.81,368.67
2020-09-29 21:31:18.309905+00:00,-40.521268328327466,-18.24379682247397,520.31,484.79,515.26,586.44,368.69
2020-09-29 21:31:18.317905+00:00,-40.70603965247884,-17.883022192772017,520.29,484.42,515.77,586.76,369.04
2020-09-29 21:31:18.325905+00:00,-40.803499100482455,-17.74342989071996,520.99,485.28,515.61,585.38,368.38
2020-09-29 21:31:18.333905+00:00,-41.050274498200295,-17.37157452794091,519.93,485.13,516.24,586.44,368.96
2020-09-29 21:31:18.341905+00:00,-40.89072789572753,-17.463984782507797,519.1,484.01,516.72,587.41,369.53
2020-09-29 21:31:18.349905+00:00,-40.89273308987039,-17.496932096065077,519.3,484.54,517.23,586.27,368.8
2020-09-29 21:31:18.357905+00:00,-40.76056828034631,-17.348498056181747,518.65,484.63,517.84,587.02,369.54
2020-09-29 21:31:18.365905+00:00,-41.51127886380896,-17.228428932532644,518.63,484.73,518.16,586.88,369.19
2020-09-29 21:31:18.373905+00:00,-41.57749411256577,-17.00542209294031,518.46,484.87,518.84,587.25,369.02
2020-09-29 21:31:18.381905+00:00,-41.05750905269157,-16.870223133834497,517.87,484.8,519.03,587.02,369.37
2020-09-29 21:31:18.389905+00:00,-41.576334537880456,-16.29226294058808,518.38,484.66,519.52,586.89,369.27
2020-09-29 21:31:18.397905+00:00,-41.582648607187664,-16.043412137111325,518.01,484.21,519.59,587.05,369.37
2020-09-29 21:31:18.405905+00:00,-41.43990052794582,-16.42107969785214,518.0,484.52,519.75,586.84,369.41
2020-09-29 21:31:18.413905+00:00,-41.50047226300178,-16.465929904260346,514.91,483.72,521.3,588.47,369.34
2020-09-29 21:31:18.421905+00:00,-41.53705965092338,-16.14266117133939,515.65,483.89,521.43,587.7,369.18
2020-09-29 21:31:18.429905+00:00,-41.58021379056677,-16.100092788472498,517.42,484.41,520.96,586.64,368.55
2020-09-29 21:31:18.437905+00:00,-41.44585203030688,-16.09128885028235,516.77,484.22,521.53,586.89,369.03
2020-09-29 21:31:18.445905+00:00,-41.25941409279507,-16.33560218941861,516.66,484.2,521.68,586.55,369.08
2020-09-29 21:31:18.453905+00:00,-41.77013116944025,-15.542445758410201,516.37,484.67,522.08,586.75,368.6
2020-09-29 21:31:18.461905+00:00,-42.173909549817466,-14.873611056068901,515.99,484.59,522.38,586.84,369.11
2020-09-29 21:31:18.469905+00:00,-42.23861347207287,-14.737953625706565,516.22,483.85,522.62,586.49,368.81
2020-09-29 21:31:18.477905+00:00,-42.30159412318356,-14.39051702791919,515.69,484.16,523.03,586.32,368.78
2020-09-29 21:31:18.485905+00:00,-41.7917640872234,-14.597737780694969,515.83,484.0,523.11,586.3,369.18
2020-09-29 21:31:18.493905+00:00,-41.48066588937727,-14.646170623526533,515.69,484.41,523.2,586.74,369.15
2020-09-29 21:31:18.501905+00:00,-41.49325012262297,-14.499909568795015,515.61,485.46,524.41,586.43,368.54
2020-09-29 21:31:18.509905+00:00,-41.453567309613575,-14.151444674661787,515.06,484.58,524.24,586.21,368.68
2020-09-29 21:31:18.517905+00:00,-41.514755220272676,-14.517588297870347,514.94,484.42,524.02,586.3,368.96
2020-09-29 21:31:18.525905+00:00,-41.70540910132788,-14.754933898017267,514.6,484.78,524.66,585.98,368.83
2020-09-29 21:31:18.533905+00:00,-41.77377101554005,-14.082394020814037,514.6,484.15,524.92,586.41,368.75
2020-09-29 21:31:18.541905+00:00,-41.915135664699775,-14.21912763787671,514.79,484.13,524.76,586.13,369.09
2020-09-29 21:31:18.549905+00:00,-41.632102656812975,-14.64443662344548,513.69,484.02,525.28,587.84,369.56
2020-09-29 21:31:18.557905+00:00,-42.25390319396911,-13.299681956369728,514.18,484.43,525.86,587.29,369.41
2020-09-29 21:31:18.565905+00:00,-42.625365074084314,-12.754586483269957,514.47,484.74,525.89,585.66,368.88
2020-09-29 21:31:18.573905+00:00,-42.55156555796649,-12.799719831160079,513.99,484.33,525.98,586.38,369.35
2020-09-29 21:31:18.581905+00:00,-42.5032609590912,-12.581751644209236,514.03,484.49,525.93,586.03,369.19
2020-09-29 21:31:18.589905+00:00,-42.466200531408155,-12.512941675010243,513.3,483.59,525.94,587.03,370.09
2020-09-29 21:31:18.597905+00:00,-42.52009405249457,-12.436641566959358,513.86,484.18,526.1,586.25,369.32
2020-09-29 21:31:18.605905+00:00,-42.564940334218285,-12.182755499789128,514.17,484.59,525.98,585.85,368.84
2020-09-29 21:31:18.613905+00:00,-42.51162823994433,-12.24877652359826,513.83,484.69,526.3,586.03,368.85
2020-09-29 21:31:18.621905+00:00,-42.43692311539171,-12.389475342453814,513.75,484.21,526.29,585.86,369.11
2020-09-29 21:31:18.629905+00:00,-42.38273616749357,-12.043333647696981,513.52,484.49,526.69,586.07,368.93
2020-09-29 21:31:18.637905+00:00,-42.39160939684455,-11.789524547007481,513.18,483.06,526.0,586.97,369.47
2020-09-29 21:31:18.645905+00:00,-42.28731037904985,-11.973155116362689,513.64,483.88,526.36,585.97,369.48
2020-09-29 21:31:18.653905+00:00,-42.3264241399039,-11.815531026519306,514.12,484.81,526.31,585.14,369.3
2020-09-29 21:31:18.661905+00:00,-42.332422600274136,-11.771251900471968,513.38,484.37,527.23,586.27,368.98
2020-09-29 21:31:18.669905+00:00,-42.21207423544474,-11.542953466444537,513.45,484.58,527.23,586.17,368.81
2020-09-29 21:31:18.677905+00:00,-42.441617183529495,-11.387498009748665,513.15,483.53,526.66,586.55,369.92
2020-09-29 21:31:18.685905+00:00,-42.39396567961906,-11.611195436709853,515.26,485.97,525.86,583.69,367.49
2020-09-29 21:31:18.693905+00:00,-42.29106804188566,-11.735756280694181,514.04,485.31,526.62,584.81,368.09
2020-09-29 21:31:18.701905+00:00,-42.27418862919045,-11.873549961762283,513.07,483.83,526.33,586.46,369.34
2020-09-29 21:31:18.709905+00:00,-42.2762067605615,-11.737362969411986,514.0,484.25,526.14,585.86,369.29
2020-09-29 21:31:18.717905+00:00,-42.26972468676148,-11.698451027847495,513.67,484.41,526.33,585.76,369.34
2020-09-29 21:31:18.725905+00:00,-42.163166744442556,-11.785857677378145,513.92,485.16,527.31,585.47,368.43
2020-09-29 21:31:18.733905+00:00,-42.197824666350314,-12.176280880034689,513.58,483.89,525.75,586.02,369.87
2020-09-29 21:31:18.741905+00:00,-42.17391574789625,-12.390054568474843,513.66,483.71,525.42,585.88,369.91
2020-09-29 21:31:18.749905+00:00,-42.23984623373777,-12.344480970522635,514.2,484.45,525.83,585.29,368.92
2020-09-29 21:31:18.757905+00:00,-42.2152313606759,-12.053230947694006,514.38,484.6,525.75,585.58,368.96
2020-09-29 21:31:18.765905+00:00,-42.03328692432383,-11.64698096243012,513.47,484.91,526.75,585.81,368.62
2020-09-29 21:31:18.773905+00:00,-42.130902834669286,-12.769594098700782,514.83,484.01,525.83,587.3,370.02
2020-09-29 21:31:18.781905+00:00,-42.24106564876182,-12.630565859154911,514.14,483.82,525.6,586.77,369.25
2020-09-29 21:31:18.789905+00:00,-42.277139847664436,-12.748744444439698,514.02,484.1,525.6,585.83,368.91
2020-09-29 21:31:18.797905+00:00,-42.25034622962882,-12.699032354185704,514.41,484.18,525.18,586.13,369.23
2020-09-29 21:31:18.805905+00:00,-42.17056209393916,-12.912675290771366,514.38,484.19,524.87,586.19,368.96
2020-09-29 21:31:18.813905+00:00,-42.18127345416238,-13.453847388012829,514.15,484.8,524.89,586.37,369.23
2020-09-29 21:31:18.821905+00:00,-42.24748805649506,-13.245395199864191,514.47,484.46,525.2,586.23,368.68
2020-09-29 21:31:18.829905+00:00,-42.21419580957792,-13.356971133915279,514.83,484.14,524.9,586.48,369.24
2020-09-29 21:31:18.837905+00:00,-42.265220910599496,-13.3579305926276,514.21,484.19,524.39,586.5,369.15
2020-09-29 21:31:18.845905+00:00,-42.29311407282205,-13.310429060621509,514.5,483.85,524.17,586.32,368.9
2020-09-29 21:31:18.853905+00:00,-42.0868287902812,-13.658040669144862,515.1,484.02,523.49,586.26,369.01
2020-09-29 21:31:18.861905+00:00,-42.5476328535446,-13.29167455811498,514.43,484.51,524.78,586.52,368.55
2020-09-29 21:31:18.869905+00:00,-42.463901207900754,-13.539651586637417,515.34,484.58,523.61,586.02,368.86
2020-09-29 21:31:18.877905+00:00,-42.132914007143526,-13.883092695163713,515.8,484.27,522.95,585.88,368.85
2020-09-29 21:31:18.885905+00:00,-41.998672008957264,-14.316192976317609,514.89,484.2,523.09,586.6,369.08
2020-09-29 21:31:18.893905+00:00,-42.0325445530722,-14.750907689909152,515.27,484.04,522.56,586.94,369.11
2020-09-29 21:31:18.901905+00:00,-41.97897938775296,-14.922996748264676,515.97,483.79,521.62,586.65,369.31
2020-09-29 21:31:18.909905+00:00,-41.89848538763273,-15.388382128328361,515.86,485.51,522.53,585.74,367.75
2020-09-29 21:31:18.917905+00:00,-41.8013460431793,-15.751885470636791,515.86,485.04,521.93,585.99,368.37
2020-09-29 21:31:18.925905+00:00,-41.696300658714236,-16.16982911844225,515.9,483.93,520.7,586.1,368.68
2020-09-29 21:31:18.933905+00:00,-41.67946440845056,-16.100212579361642,515.97,484.32,520.43,586.02,368.49
2020-09-29 21:31:18.941905+00:00,-41.76443353756882,-15.375336278619272,516.03,484.16,519.92,585.74,369.04
2020-09-29 21:31:18.949905+00:00,-41.4633702226742,-15.398122392389425,516.49,483.4,519.21,585.99,369.0
2020-09-29 21:31:18.957905+00:00,-41.06282015041364,-15.796704571902946,517.43,484.07,518.26,585.36,369.22
2020-09-29 21:31:18.965905+00:00,-40.83251030136705,-16.03845543459251,516.95,484.48,518.83,585.3,368.62
2020-09-29 21:31:18.973905+00:00,-40.61561085540298,-16.33818978793062,516.7,484.29,518.97,585.13,368.49
2020-09-29 21:31:18.981905+00:00,-40.43870794129738,-16.83359147224769,516.89,484.39,517.97,584.97,368.67
2020-09-29 21:31:18.989905+00:00,-40.29434347253805,-16.759795026130273,516.94,484.25,517.84,584.34,368.87
2020-09-29 21:31:18.997905+00:00,-39.58260849457775,-17.01770282070456,516.67,483.68,517.2,584.39,368.75
2020-09-29 21:31:19.005905+00:00,-38.87320166310744,-17.354781688165453,517.29,483.82,517.02,583.78,368.79
2020-09-29 21:31:19.013905+00:00,-38.64565745315099,-17.26493881888985,517.44,484.37,516.5,583.25,368.6
2020-09-29 21:31:19.021905+00:00,-38.171699906971405,-17.393538989536015,517.1,484.7,516.16,582.93,368.45
2020-09-29 21:31:19.029905+00:00,-38.40897582364741,-17.1924205905399,517.34,484.4,515.61,582.54,368.78
2020-09-29 21:31:19.037905+00:00,-37.750895996136755,-17.420414021483616,517.62,483.41,514.95,582.11,369.43
2020-09-29 21:31:19.045905+00:00,-36.691789360038086,-17.768123015792273,515.28,485.97,518.29,583.48,367.54
2020-09-29 21:31:19.053905+00:00,-36.13030241138513,-17.84338513003408,517.43,484.51,515.23,582.04,368.37
2020-09-29 21:31:19.061905+00:00,-35.530990092068436,-18.04978976959658,518.47,484.07,512.46,580.74,368.73
2020-09-29 21:31:19.069905+00:00,-35.33341212573529,-17.883603404867035,518.3,485.18,513.42,580.35,368.56
2020-09-29 21:31:19.077905+00:00,-34.898303936527455,-18.104408440101874,518.25,484.49,512.91,579.99,368.85
2020-09-29 21:31:19.085905+00:00,-34.65320901575152,-18.334229592103124,518.43,484.95,512.24,578.91,368.45
2020-09-29 21:31:19.093905+00:00,-34.135704588448704,-18.37459577503238,518.42,484.67,511.53,578.43,368.19
2020-09-29 21:31:19.101905+00:00,-33.90153997860919,-18.08368203469257,519.2,484.77,511.0,578.05,368.82
2020-09-29 21:31:19.109905+00:00,-33.7153147193395,-17.899194310265038,519.2,484.76,510.48,577.74,368.42
2020-09-29 21:31:19.117905+00:00,-32.71627294508587,-18.2648992950937,519.36,484.88,509.37,577.47,368.13
2020-09-29 21:31:19.125905+00:00,-32.12202189670978,-18.35570702262409,519.61,484.57,508.9,576.75,368.34
2020-09-29 21:31:19.133905+00:00,-31.33116794890634,-18.37670682029183,520.14,484.86,508.74,576.02,368.59
2020-09-29 21:31:19.141905+00:00,-31.174334405001467,-18.25474608112546,519.85,484.89,507.54,575.76,368.92
2020-09-29 21:31:19.149905+00:00,-30.328109290839265,-18.571897178013053,520.34,484.83,506.94,574.77,368.52
2020-09-29 21:31:19.157905+00:00,-29.824166497954618,-19.133918639164186,520.11,485.06,506.63,573.87,368.48
2020-09-29 21:31:19.165905+00:00,-29.302565803191605,-18.898069689523922,519.89,485.19,506.27,573.8,368.26
2020-09-29 21:31:19.173905+00:00,-28.737569796053016,-18.507193610039177,520.29,485.7,506.03,573.06,368.33
2020-09-29 21:31:19.181905+00:00,-28.130441250116412,-18.439233053453613,520.6,485.09,505.45,573.11,367.8
2020-09-29 21:31:19.189905+00:00,-27.124034052735997,-18.77540729344808,520.41,485.18,505.16,572.28,368.18
2020-09-29 21:31:19.197905+00:00,-26.350909551484648,-19.01191496144004,520.73,485.65,504.76,571.45,368.48
2020-09-29 21:31:19.205905+00:00,-25.759732824787125,-19.275180852847434,521.09,485.29,504.3,570.69,368.83
2020-09-29 21:31:19.213905+00:00,-25.142149357505296,-19.509344856508154,521.07,485.88,503.9,569.81,368.6
2020-09-29 21:31:19.221905+00:00,-24.44487580797325,-19.808977883713055,521.35,486.13,503.07,569.14,368.12
2020-09-29 21:31:19.229905+00:00,-23.659831383970086,-19.64097368831281,521.79,486.28,502.91,568.8,368.19
2020-09-29 21:31:19.237905+00:00,-22.713665290337385,-20.15731272049124,521.53,486.58,502.54,568.35,368.07
2020-09-29 21:31:19.245905+00:00,-22.849884958511897,-19.67534881094896,521.33,486.56,502.39,567.9,368.5
2020-09-29 21:31:19.253905+00:00,-22.07222130889981,-19.309460404272226,521.67,486.88,502.22,566.97,368.36
2020-09-29 21:31:19.261905+00:00,-21.769058666850814,-18.611114554187132,521.49,486.84,501.94,566.27,368.35
2020-09-29 21:31:19.269905+00:00,-20.69922312048478,-19.809775114439514,522.0,489.77,502.43,565.0,366.11
2020-09-29 21:31:19.277905+00:00,-19.388146848139957,-19.125156606529625,521.58,488.75,502.07,565.22,367.55
2020-09-29 21:31:19.285905+00:00,-18.351539010611305,-19.533063870552713,521.12,487.47,501.38,564.44,368.78
2020-09-29 21:31:19.293905+00:00,-17.599967544775392,-19.740163895161682,521.55,487.81,501.19,563.54,368.34
2020-09-29 21:31:19.301905+00:00,-17.763073951954148,-19.088398397566827,522.0,488.85,500.65,563.41,368.3
2020-09-29 21:31:19.309905+00:00,-17.806625731788483,-18.243412352427658,522.26,489.01,499.89,562.83,368.2
2020-09-29 21:31:19.317905+00:00,-17.043719869956522,-18.27980878710292,521.74,488.96,499.99,562.77,367.78
2020-09-29 21:31:19.325905+00:00,-15.243546520330332,-19.679017496153325,521.68,489.53,500.15,562.56,367.78
2020-09-29 21:31:19.333905+00:00,-14.079690327174275,-20.05458731186014,521.38,490.0,499.95,562.08,368.19
2020-09-29 21:31:19.341905+00:00,-13.91559026040989,-19.788500112047537,521.05,490.28,499.8,561.9,367.9
2020-09-29 21:31:19.349905+00:00,-12.798562664720178,-19.916303222241194,521.77,490.21,499.47,561.54,367.97
2020-09-29 21:31:19.357905+00:00,-13.238090888958249,-19.32452695581689,519.72,490.44,500.66,562.97,368.39
2020-09-29 21:31:19.365905+00:00,-15.532111666391131,-16.291250617070695,520.81,491.13,499.85,561.63,368.2
2020-09-29 21:31:19.373905+00:00,-13.15229124394311,-18.07135655651341,521.76,491.59,499.33,560.11,368.54
2020-09-29 21:31:19.381905+00:00,-10.943412258925342,-19.731389141717013,521.78,491.46,498.73,559.8,368.26
2020-09-29 21:31:19.389905+00:00,-11.292447894828577,-19.482075542095398,521.46,492.04,498.88,560.09,367.98
2020-09-29 21:31:19.397905+00:00,-10.24302793749015,-19.55053951934144,520.83,492.5,498.64,560.47,368.57
2020-09-29 21:31:19.405905+00:00,-11.253140465963115,-18.778137456243762,524.83,494.4,495.82,555.88,366.8
2020-09-29 21:31:19.413905+00:00,-11.583058369142492,-16.722941490201364,521.91,494.11,496.95,557.38,367.53
2020-09-29 21:31:19.421905+00:00,-11.159116675976541,-16.479390094540832,521.0,494.35,497.58,558.52,368.31
2020-09-29 21:31:19.429905+00:00,-11.801851850230346,-15.035497159159453,521.27,494.92,497.81,558.35,367.93
2020-09-29 21:31:19.437905+00:00,-9.107443962541966,-17.39988951398722,521.13,495.57,497.04,558.09,368.61
2020-09-29 21:31:19.445905+00:00,-8.20670200211248,-19.1594682424374,521.21,496.97,497.41,557.4,367.62
2020-09-29 21:31:19.453905+00:00,-9.022476659422917,-15.057562711628691,521.24,496.48,496.74,557.31,368.69
2020-09-29 21:31:19.461905+00:00,-6.612724518856109,-16.883641197615287,520.86,496.77,495.94,557.68,369.08
2020-09-29 21:31:19.469905+00:00,-5.391569595695691,-17.739028682079784,521.01,497.98,495.8,557.36,368.58
2020-09-29 21:31:19.477905+00:00,-5.523314476564373,-17.179101787454794,521.18,498.63,495.22,556.79,368.3
2020-09-29 21:31:19.485905+00:00,-4.896925772258666,-17.20459488447905,521.32,499.61,495.25,556.05,368.46
2020-09-29 21:31:19.493905+00:00,-4.190113106045846,-16.980942205053218,520.94,501.13,496.43,557.09,367.72
2020-09-29 21:31:19.501905+00:00,-3.5256222689148333,-18.18424445886381,520.7,500.93,495.48,556.72,367.99
2020-09-29 21:31:19.509905+00:00,-3.32810313576482,-18.17161014117918,521.33,501.09,494.17,555.99,367.85
2020-09-29 21:31:19.517905+00:00,-2.372904032529308,-17.210704828529597,521.03,501.79,494.3,556.2,368.24
2020-09-29 21:31:19.525905+00:00,-1.3983221046442857,-17.560810116872254,521.0,502.16,493.8,555.84,368.44
2020-09-29 21:31:19.533905+00:00,-1.0797905306479052,-17.28364339972259,521.24,502.98,494.02,555.47,368.34
2020-09-29 21:31:19.541905+00:00,-1.3905959771317367,-16.891144152596855,520.97,503.59,493.76,555.16,368.11
2020-09-29 21:31:19.549905+00:00,-1.3677338414801699,-16.378914010481175,521.5,503.99,493.4,555.17,368.28
2020-09-29 21:31:19.557905+00:00,-1.1121265287315403,-16.10496574871142,521.27,503.78,493.41,555.78,368.06
2020-09-29 21:31:19.565905+00:00,-0.9201729951915305,-16.117865107736506,520.85,504.3,493.3,555.24,368.1
2020-09-29 21:31:19.573905+00:00,-0.6942818534286789,-15.419110636266801,520.88,504.13,493.25,555.2,367.91
2020-09-29 21:31:19.581905+00:00,-0.23705255118109875,-16.311957720231696,522.83,504.67,491.67,554.07,368.86
2020-09-29 21:31:19.589905+00:00,0.14813075529056377,-17.27560248374425,521.56,505.17,492.59,554.61,368.36
2020-09-29 21:31:19.597905+00:00,0.3021398134903561,-16.497559011869388,521.33,505.2,493.14,554.27,368.03
2020-09-29 21:31:19.605905+00:00,0.1768881920842228,-16.951089858242707,521.2,504.51,493.35,554.53,368.08
2020-09-29 21:31:19.613905+00:00,0.3241881432458009,-16.945262435605905,521.39,504.55,493.07,555.27,367.76
2020-09-29 21:31:19.621905+00:00,-0.26066324776094923,-16.558173873519955,521.39,503.96,492.83,554.99,368.28
2020-09-29 21:31:19.629905+00:00,-0.29729537138245044,-16.230317250986392,521.18,505.82,494.5,554.32,367.64
2020-09-29 21:31:19.637905+00:00,-0.5084351585361762,-16.25236260886444,521.38,504.67,493.7,554.77,367.94
2020-09-29 21:31:19.645905+00:00,-0.6106310786883696,-16.20601643664711,521.22,503.78,493.23,554.83,367.98
2020-09-29 21:31:19.653905+00:00,-0.7999963785080557,-16.17296531814121,521.43,503.41,493.75,554.97,368.09
2020-09-29 21:31:19.661905+00:00,-1.1306849498490208,-16.370325572836013,521.4,503.41,493.09,554.81,368.93
2020-09-29 21:31:19.669905+00:00,-1.1479856355774523,-16.48250875298326,521.04,503.55,493.53,555.12,367.88
2020-09-29 21:31:19.677905+00:00,-1.1588918420815337,-16.523110517942968,521.06,503.21,493.54,555.09,367.76
2020-09-29 21:31:19.685905+00:00,-1.3607067591990882,-16.64265378751486,521.11,502.85,493.21,555.51,367.97
2020-09-29 21:31:19.693905+00:00,-1.4059244786421914,-16.500839784160792,521.12,502.79,493.23,555.34,368.28
2020-09-29 21:31:19.701905+00:00,-1.452216021553092,-16.524911466773396,521.57,502.82,493.01,555.1,367.92
2020-09-29 21:31:19.709905+00:00,-1.6741091355102184,-16.340345638868897,521.25,502.71,493.18,555.59,367.91
2020-09-29 21:31:19.717905+00:00,-1.702918280456628,-16.492037366723473,521.54,502.78,492.37,554.48,368.7
2020-09-29 21:31:19.725905+00:00,-1.8551251579842143,-16.66739927147008,521.26,502.73,493.05,554.99,367.95
2020-09-29 21:31:19.733905+00:00,-1.4724021158702874,-16.411187186182943,521.61,502.79,492.67,554.93,368.27
2020-09-29 21:31:19.741905+00:00,-1.6471956617037957,-16.50385168909691,521.54,503.51,493.41,555.56,368.14
2020-09-29 21:31:19.749905+00:00,-1.3980744796470268,-16.7642715916923,521.74,503.26,493.44,555.47,367.89
2020-09-29 21:31:19.757905+00:00,-1.6568383025440414,-16.65509735086496,521.67,502.32,493.97,555.38,368.51
2020-09-29 21:31:19.765905+00:00,-1.7401208351282946,-16.265411242704506,521.46,505.12,494.63,553.83,366.98
2020-09-29 21:31:19.773905+00:00,-1.3153967155646065,-16.376631977594794,521.84,503.46,493.3,554.86,367.87
2020-09-29 21:31:19.781905+00:00,-1.6232377725094491,-16.69018605599293,521.82,502.93,493.5,555.25,368.3
2020-09-29 21:31:19.789905+00:00,-1.7610758188969606,-16.478724290684024,521.89,503.01,493.25,554.72,368.07
2020-09-29 21:31:19.797905+00:00,-1.5384348326161625,-16.463256737055456,521.69,502.6,493.66,555.04,368.34
2020-09-29 21:31:19.805905+00:00,-1.739315352886194,-16.39555558531538,521.33,502.11,493.11,555.7,368.46
2020-09-29 21:31:19.813905+00:00,-1.7703673759287542,-16.457142004953987,521.36,502.45,493.43,555.14,367.99
2020-09-29 21:31:19.821905+00:00,-2.2733167033228487,-16.232212617305613,521.56,502.18,493.78,555.02,367.85
2020-09-29 21:31:19.829905+00:00,-2.462190465840167,-16.297139054914936,521.81,502.17,493.19,555.36,368.16
2020-09-29 21:31:19.837905+00:00,-2.5657409416467383,-16.46470687981541,522.22,502.13,493.17,555.37,368.17
2020-09-29 21:31:19.845905+00:00,-2.216994352426624,-16.243435372673392,521.69,502.2,493.16,554.95,368.45
2020-09-29 21:31:19.853905+00:00,-2.0285533680354164,-15.667601182882915,521.83,502.77,493.56,554.93,367.6
2020-09-29 21:31:19.861905+00:00,-2.175414338586111,-16.266739661390588,521.8,502.34,493.18,554.57,367.43
2020-09-29 21:31:19.869905+00:00,-2.2572897655644506,-16.949337093463313,522.13,502.06,492.58,555.35,368.39
2020-09-29 21:31:19.877905+00:00,-2.2348510017928866,-16.419779070567582,522.14,502.28,493.15,555.31,368.22
2020-09-29 21:31:19.885905+00:00,-2.08377821789449,-15.50408442359523,522.1,502.31,493.64,555.1,367.91
2020-09-29 21:31:19.893905+00:00,-1.8179246913317197,-16.445546168567233,521.97,502.74,494.36,555.12,368.08
2020-09-29 21:31:19.901905+00:00,-1.7284287666812053,-16.734659764077396,521.63,500.45,491.68,555.73,369.51
2020-09-29 21:31:19.909905+00:00,-2.1674944373298795,-15.046249616100383,521.67,501.61,493.21,555.45,368.53
2020-09-29 21:31:19.917905+00:00,-2.5530035726795473,-15.24837414332237,521.7,501.77,493.41,555.0,367.95
2020-09-29 21:31:19.925905+00:00,-1.9290033423607653,-16.097512956932384,521.72,501.63,493.32,555.29,368.08
2020-09-29 21:31:19.933905+00:00,-1.8322919016289898,-16.658891367572267,521.73,501.88,493.21,555.5,368.21
2020-09-29 21:31:19.941905+00:00,-2.292005308013187,-16.700874109467975,523.0,502.72,492.93,554.02,367.9
2020-09-29 21:31:19.949905+00:00,-2.1924208514615504,-16.951618130942897,522.13,502.29,493.58,554.94,367.58
2020-09-29 21:31:19.957905+00:00,-2.3733521119845444,-17.245904320131157,521.46,501.8,493.61,555.0,368.02
2020-09-29 21:31:19.965905+00:00,-1.7908754059699714,-17.457341346704524,522.46,501.88,493.14,555.18,368.66
2020-09-29 21:31:19.973905+00:00,-1.6880313771555828,-17.311473792842843,522.28,501.75,493.1,555.31,367.85
2020-09-29 21:31:19.981905+00:00,-2.1799704167781395,-17.062603127806003,521.69,501.47,492.85,554.51,368.15
2020-09-29 21:31:19.989905+00:00,-2.421011108065683,-16.957225580881584,522.11,506.29,497.21,553.86,364.77
2020-09-29 21:31:19.997905+00:00,-2.782692051799543,-16.64945165406822,522.14,503.23,494.53,554.6,367.39
2020-09-29 21:31:20.005905+00:00,-2.181998742776234,-17.388986672347002,522.06,501.1,493.13,555.16,368.37
2020-09-29 21:31:20.013905+00:00,-2.2156558539333076,-17.344976298808145,521.61,501.97,493.26,555.36,368.49
2020-09-29 21:31:20.021905+00:00,,,522.16,501.58,493.31,555.41,368.36
2020-09-29 21:31:20.029905+00:00,,,522.27,502.52,493.76,554.66,367.74
2020-09-29 21:31:20.037905+00:00,,,522.08,502.35,493.66,555.1,367.96
2020-09-29 21:31:20.045905+00:00,,,522.34,502.06,493.46,555.0,368.49
2020-09-29 21:31:20.053905+00:00,,,522.37,501.45,493.05,555.54,368.16
2020-09-29 21:31:20.061905+00:00,,,521.9,501.08,493.15,555.09,368.25
2020-09-29 21:31:20.069905+00:00,,,521.97,501.42,493.14,555.21,368.18
2020-09-29 21:31:20.077905+00:00,,,524.08,502.41,493.07,553.79,367.89
2020-09-29 21:31:20.085905+00:00,,,522.59,502.07,493.26,554.42,368.16
2020-09-29 21:31:20.093905+00:00,,,522.52,501.68,493.42,554.88,367.99
2020-09-29 21:31:20.101905+00:00,,,522.52,501.77,493.91,555.27,367.81
2020-09-29 21:31:20.109905+00:00,,,522.19,501.04,493.3,555.0,368.51
2020-09-29 21:31:20.117905+00:00,,,521.79,500.98,493.4,555.44,368.37
2020-09-29 21:31:20.125905+00:00,,,523.23,501.68,492.85,554.31,368.27
2020-09-29 21:31:20.133905+00:00,,,522.82,501.21,493.35,555.01,368.4
2020-09-29 21:31:20.141905+00:00,,,522.11,501.05,493.75,555.24,368.31
2020-09-29 21:31:20.149905+00:00,,,522.27,501.35,493.38,555.26,368.3
2020-09-29 21:31:20.157905+00:00,,,522.16,501.46,493.91,555.35,368.33
2020-09-29 21:31:20.165905+00:00,,,521.88,500.8,492.96,554.86,368.89
2020-09-29 21:31:20.173905+00:00,,,522.32,500.7,492.98,554.86,368.32
2020-09-29 21:31:20.181905+00:00,,,522.56,501.42,493.41,555.0,368.15
2020-09-29 21:31:20.189905+00:00,,,522.81,501.43,493.18,554.92,368.4
2020-09-29 21:31:20.197905+00:00,,,522.39,501.42,493.71,554.89,368.17
2020-09-29 21:31:20.205905+00:00,,,522.19,501.08,493.71,555.03,368.0
2020-09-29 21:31:20.213905+00:00,,,522.26,500.76,492.99,555.42,368.92
2020-09-29 21:31:20.221905+00:00,,,522.56,500.35,492.81,554.93,368.66
2020-09-29 21:31:20.229905+00:00,,,522.6,500.38,492.74,555.29,368.69
2020-09-29 21:31:20.237905+00:00,,,522.63,501.24,493.53,554.79,367.57
2020-09-29 21:31:20.245905+00:00,,,522.26,500.83,494.07,555.65,368.36
2020-09-29 21:31:20.253905+00:00,,,522.06,500.42,493.61,555.35,368.43
2020-09-29 21:31:20.261905+00:00,,,521.67,500.36,495.73,559.14,370.48
2020-09-29 21:31:20.269905+00:00,,,522.44,500.74,493.55,555.64,368.74
2020-09-29 21:31:20.277905+00:00,,,522.89,500.87,493.14,554.96,367.83
2020-09-29 21:31:20.285905+00:00,,,522.81,501.22,493.45,555.33,368.13
2020-09-29 21:31:20.293905+00:00,,,522.0,501.46,493.08,555.31,367.79
2020-09-29 21:31:20.301905+00:00,,,522.83,500.86,492.82,554.29,368.4
2020-09-29 21:31:20.309905+00:00,,,522.14,500.99,493.69,555.63,368.42
2020-09-29 21:31:20.317905+00:00,,,522.21,500.57,493.55,555.11,368.58
2020-09-29 21:31:20.325905+00:00,,,522.4,500.71,492.77,555.52,368.38
2020-09-29 21:31:20.333905+00:00,,,522.6,501.04,492.83,555.04,368.07
2020-09-29 21:31:20.341905+00:00,,,522.96,500.59,493.33,554.95,368.44
2020-09-29 21:31:20.349905+00:00,,,521.31,501.22,494.42,555.95,367.66
2020-09-29 21:31:20.357905+00:00,,,522.43,500.87,493.92,555.42,368.33
2020-09-29 21:31:20.365905+00:00,,,522.69,500.2,493.01,555.34,368.56
2020-09-29 21:31:20.373905+00:00,,,522.56,500.68,493.46,555.53,368.29
2020-09-29 21:31:20.381905+00:00,,,522.8,501.01,493.05,555.16,368.56
2020-09-29 21:31:20.389905+00:00,,,522.63,500.84,493.4,555.09,368.54
2020-09-29 21:31:20.397905+00:00,,,522.62,500.64,493.53,555.04,368.35
2020-09-29 21:31:20.405905+00:00,,,522.37,500.37,493.4,554.8,367.97
2020-09-29 21:31:20.413905+00:00,,,522.96,500.07,493.47,554.98,367.7
2020-09-29 21:31:20.421905+00:00,,,522.54,500.54,493.61,554.85,367.98
2020-09-29 21:31:20.429905+00:00,,,522.95,500.61,493.53,554.7,368.61
2020-09-29 21:31:20.437905+00:00,,,522.65,501.51,494.28,554.83,368.05
2020-09-29 21:31:20.445905+00:00,,,522.93,500.21,493.53,555.22,368.45
2020-09-29 21:31:20.453905+00:00,,,522.93,500.33,493.51,554.79,368.0
2020-09-29 21:31:20.461905+00:00,,,522.95,500.83,492.93,555.52,368.03
2020-09-29 21:31:20.469905+00:00,,,523.16,500.32,493.58,555.21,368.26
2020-09-29 21:31:20.477905+00:00,,,522.78,500.1,493.4,555.65,368.42
2020-09-29 21:31:20.485905+00:00,,,525.1,501.74,492.33,553.42,367.21
2020-09-29 21:31:20.493905+00:00,,,523.01,500.35,493.03,554.46,367.84
2020-09-29 21:31:20.501905+00:00,,,522.95,500.48,493.34,555.06,368.81
2020-09-29 21:31:20.509905+00:00,,,523.16,500.64,493.09,554.79,368.09
2020-09-29 21:31:20.517905+00:00,,,522.83,500.51,493.32,554.98,368.05
2020-09-29 21:31:20.525905+00:00,,,522.84,500.42,492.75,554.91,368.28
2020-09-29 21:31:20.533905+00:00,,,523.44,500.28,493.03,554.98,368.38
2020-09-29 21:31:20.541905+00:00,,,523.46,500.58,493.22,555.02,368.5
2020-09-29 21:31:20.549905+00:00,,,522.95,500.41,493.0,554.82,368.34
2020-09-29 21:31:20.557905+00:00,,,523.02,500.72,493.25,554.71,367.98
2020-09-29 21:31:20.565905+00:00,,,523.61,500.87,493.35,554.92,367.87
2020-09-29 21:31:20.573905+00:00,,,522.97,499.06,492.82,556.57,370.33
2020-09-29 21:31:20.581905+00:00,,,523.14,500.33,493.17,555.18,368.3
2020-09-29 21:31:20.589905+00:00,,,523.3,500.16,492.99,555.29,368.12
2020-09-29 21:31:20.597905+00:00,,,523.33,500.52,493.55,555.47,367.95
2020-09-29 21:31:20.605905+00:00,,,522.99,500.64,493.28,554.76,368.03
2020-09-29 21:31:20.613905+00:00,,,523.26,500.27,493.06,554.95,368.54
2020-09-29 21:31:20.621905+00:00,,,522.15,499.88,493.48,556.16,368.67
2020-09-29 21:31:20.629905+00:00,,,523.03,500.35,493.23,555.35,368.01
2020-09-29 21:31:20.637905+00:00,,,523.36,500.24,493.36,554.98,368.55
2020-09-29 21:31:20.645905+00:00,,,522.9,500.12,493.44,555.08,368.24
2020-09-29 21:31:20.653905+00:00,,,523.27,500.1,493.15,555.3,368.2
2020-09-29 21:31:20.661905+00:00,,,523.04,501.13,493.86,555.25,367.2
2020-09-29 21:31:20.669905+00:00,,,523.02,499.65,492.46,555.89,369.44
2020-09-29 21:31:20.677905+00:00,,,522.61,500.06,493.67,555.28,368.39
2020-09-29 21:31:20.685905+00:00,,,523.03,500.34,493.12,555.29,368.59
2020-09-29 21:31:20.693905+00:00,,,523.28,500.03,493.17,554.97,368.74
2020-09-29 21:31:20.701905+00:00,,,523.57,500.06,493.0,554.61,368.53
2020-09-29 21:31:20.709905+00:00,,,523.54,500.46,493.37,554.68,368.29
2020-09-29 21:31:20.717905+00:00,,,523.16,500.51,493.2,554.77,368.6
2020-09-29 21:31:20.725905+00:00,,,522.89,500.44,493.56,555.08,368.16
2020-09-29 21:31:20.733905+00:00,,,523.1,500.02,493.43,555.0,368.17
2020-09-29 21:31:20.741905+00:00,,,522.91,500.25,493.47,555.18,368.15
2020-09-29 21:31:20.749905+00:00,,,523.04,500.26,493.53,555.05,367.78
2020-09-29 21:31:20.757905+00:00,,,522.34,499.71,493.2,554.78,368.36
2020-09-29 21:31:20.765905+00:00,,,522.81,500.19,493.57,555.24,367.98
2020-09-29 21:31:20.773905+00:00,,,522.93,500.69,493.34,555.19,367.83
2020-09-29 21:31:20.781905+00:00,,,522.73,500.55,493.36,554.57,368.47
2020-09-29 21:31:20.789905+00:00,,,522.49,500.17,493.59,555.56,368.29
2020-09-29 21:31:20.797905+00:00,,,522.84,499.78,493.45,555.85,368.87
2020-09-29 21:31:20.805905+00:00,,,523.1,500.34,493.09,555.45,368.39
2020-09-29 21:31:20.813905+00:00,,,522.94,500.25,493.46,555.16,368.18
2020-09-29 21:31:20.821905+00:00,,,522.71,500.16,493.4,554.64,368.22
2020-09-29 21:31:20.829905+00:00,,,522.72,500.38,493.6,554.94,368.13
2020-09-29 21:31:20.837905+00:00,,,522.8,499.61,493.25,555.73,368.71
2020-09-29 21:31:20.845905+00:00,,,524.93,501.56,493.12,552.56,366.88
2020-09-29 21:31:20.853905+00:00,,,523.28,500.6,493.02,554.64,368.28
2020-09-29 21:31:20.861905+00:00,,,522.76,500.29,493.91,555.01,368.4
2020-09-29 21:31:20.869905+00:00,,,522.72,499.92,492.86,554.92,368.08
2020-09-29 21:31:20.877905+00:00,,,522.66,500.27,493.71,555.41,368.43
2020-09-29 21:31:20.885905+00:00,,,522.09,499.86,493.18,554.94,368.72
2020-09-29 21:31:20.893905+00:00,,,522.95,499.65,493.14,554.99,368.16
2020-09-29 21:31:20.901905+00:00,,,522.71,500.36,493.68,554.82,367.97
2020-09-29 21:31:20.909905+00:00,,,523.09,500.14,493.54,554.96,368.32
2020-09-29 21:31:20.917905+00:00,,,522.71,500.07,493.29,555.31,367.72
2020-09-29 21:31:20.925905+00:00,,,523.03,500.27,493.6,554.99,368.3
2020-09-29 21:31:20.933905+00:00,,,522.11,499.12,493.16,555.49,368.91
2020-09-29 21:31:20.941905+00:00,,,523.21,500.19,492.97,554.94,368.27
2020-09-29 21:31:20.949905+00:00,,,522.96,500.33,493.48,555.02,368.07
2020-09-29 21:31:20.957905+00:00,,,522.8,500.27,493.3,554.32,368.32
2020-09-29 21:31:20.965905+00:00,,,522.55,500.6,493.75,554.86,367.68
2020-09-29 21:31:20.973905+00:00,,,522.19,500.17,493.75,554.92,367.72
2020-09-29 21:31:20.981905+00:00,,,522.66,499.54,493.22,556.43,370.12
2020-09-29 21:31:20.989905+00:00,,,522.71,499.54,493.39,555.64,368.79
2020-09-29 21:31:20.997905+00:00,,,522.77,500.35,493.22,554.82,368.0
2020-09-29 21:31:21.005905+00:00,,,523.02,500.33,493.2,554.89,368.08
2020-09-29 21:31:21.013905+00:00,,,522.68,500.28,493.19,554.75,368.14
2020-09-29 21:31:21.021905+00:00,,,523.15,500.52,493.6,554.42,367.61
2020-09-29 21:31:21.029905+00:00,,,521.75,499.96,494.53,555.86,368.06
2020-09-29 21:31:21.037905+00:00,,,522.79,499.78,493.11,554.81,368.17
2020-09-29 21:31:21.045905+00:00,,,522.91,499.99,493.07,554.68,368.68
2020-09-29 21:31:21.053905+00:00,,,523.18,500.14,493.07,554.66,368.26
2020-09-29 21:31:21.061905+00:00,,,522.86,500.9,493.56,555.26,367.98
2020-09-29 21:31:21.069905+00:00,,,522.25,500.24,492.58,554.04,368.14
2020-09-29 21:31:21.077905+00:00,,,522.13,500.57,495.42,556.4,367.33
2020-09-29 21:31:21.085905+00:00,,,523.15,500.33,493.27,554.93,367.84
2020-09-29 21:31:21.093905+00:00,,,523.01,500.4,493.84,555.36,368.08
2020-09-29 21:31:21.101905+00:00,,,523.23,500.14,492.98,554.64,368.48
2020-09-29 21:31:21.109905+00:00,,,522.49,499.96,493.27,555.1,368.41
2020-09-29 21:31:21.117905+00:00,,,523.63,500.51,492.93,554.33,368.33
2020-09-29 21:31:21.125905+00:00,,,523.17,499.84,493.15,554.95,367.99
2020-09-29 21:31:21.133905+00:00,,,523.1,500.16,493.41,554.71,368.32
2020-09-29 21:31:21.141905+00:00,,,522.74,500.11,493.2,555.16,367.54
2020-09-29 21:31:21.149905+00:00,,,522.83,500.14,493.17,555.02,368.17
2020-09-29 21:31:21.157905+00:00,,,523.68,499.41,492.21,555.0,369.1
2020-09-29 21:31:21.165905+00:00,,,523.08,500.13,493.2,554.9,368.37
2020-09-29 21:31:21.173905+00:00,,,522.87,500.13,493.33,555.0,368.11
2020-09-29 21:31:21.181905+00:00,,,523.14,500.0,493.28,554.88,367.9
2020-09-29 21:31:21.189905+00:00,,,522.39,500.08,493.41,555.23,368.18
2020-09-29 21:31:21.197905+00:00,,,523.44,500.15,493.18,554.49,368.17
2020-09-29 21:31:21.205905+00:00,,,522.88,499.41,493.68,555.47,368.7
2020-09-29 21:31:21.213905+00:00,,,522.77,500.2,493.33,554.57,368.06
2020-09-29 21:31:21.221905+00:00,,,522.91,500.56,493.38,554.86,367.9
2020-09-29 21:31:21.229905+00:00,,,522.79,499.65,493.33,554.77,367.96
2020-09-29 21:31:21.237905+00:00,,,523.08,499.84,492.85,555.34,368.58
2020-09-29 21:31:21.245905+00:00,,,523.09,500.19,492.59,553.98,368.15
2020-09-29 21:31:21.253905+00:00,,,523.47,500.11,493.04,554.66,368.17
2020-09-29 21:31:21.261905+00:00,,,523.23,500.16,493.41,554.76,368.25
2020-09-29 21:31:21.269905+00:00,,,,,,,
2020-09-29 21:31:21.277905+00:00,,,,,,,
2020-09-29 21:31:21.285905+00:00,,,,,,,
2020-09-29 21:31:21.293905+00:00,,,,,,,
2020-09-29 21:31:21.301905+00:00,,,,,,,
2020-09-29 21:31:21.309905+00:00,,,,,,,
2020-09-29 21:31:21.317905+00:00,,,,,,,
2020-09-29 21:31:21.325905+00:00,,,,,,,
2020-09-29 21:31:21.333905+00:00,,,,,,,
2020-09-29 21:31:21.341905+00:00,,,,,,,
2020-09-29 21:31:21.349905+00:00,,,,,,,
2020-09-29 21:31:21.357905+00:00,,,,,,,
2020-09-29 21:31:21.365905+00:00,,,,,,,
2020-09-29 21:31:21.373905+00:00,,,,,,,
2020-09-29 21:31:21.381905+00:00,,,,,,,
2020-09-29 21:31:21.389905+00:00,,,,,,,
2020-09-29 21:31:21.397905+00:00,,,,,,,
2020-09-29 21:31:21.405905+00:00,,,,,,,
2020-09-29 21:31:21.413905+00:00,,,,,,,
2020-09-29 21:31:21.421905+00:00,,,,,,,
2020-09-29 21:31:21.429905+00:00,,,,,,,
2020-09-29 21:31:21.437905+00:00,,,,,,,
2020-09-29 21:31:21.445905+00:00,,,,,,,
2020-09-29 21:31:21.453905+00:00,,,,,,,
2020-09-29 21:31:21.461905+00:00,,,,,,,
2020-09-29 21:31:21.469905+00:00,,,,,,,
2020-09-29 21:31:21.477905+00:00,,,,,,,
2020-09-29 21:31:21.485905+00:00,,,,,,,
2020-09-29 21:31:21.493905+00:00,,,,,,,
2020-09-29 21:31:21.501905+00:00,,,,,,,
2020-09-29 21:31:21.509905+00:00,,,,,,,
2020-09-29 21:31:21.517905+00:00,,,,,,,
2020-09-29 21:31:21.525905+00:00,,,,,,,
2020-09-29 21:31:21.533905+00:00,,,,,,,
2020-09-29 21:31:21.541905+00:00,,,,,,,
2020-09-29 21:31:21.549905+00:00,,,,,,,
2020-09-29 21:31:21.557905+00:00,,,,,,,
2020-09-29 21:31:21.565905+00:00,,,,,,,
2020-09-29 21:31:21.573905+00:00,,,,,,,
2020-09-29 21:31:21.581905+00:00,,,,,,,
2020-09-29 21:31:21.589905+00:00,,,,,,,
2020-09-29 21:31:21.597905+00:00,,,,,,,
2020-09-29 21:31:21.605905+00:00,,,,,,,
2020-09-29 21:31:21.613905+00:00,,,,,,,
2020-09-29 21:31:21.621905+00:00,,,,,,,
2020-09-29 21:31:21.629905+00:00,,,,,,,
2020-09-29 21:31:21.637905+00:00,,,,,,,
2020-09-29 21:31:21.645905+00:00,,,,,,,
2020-09-29 21:31:21.653905+00:00,,,,,,,
2020-09-29 21:31:21.661905+00:00,,,,,,,
2020-09-29 21:31:21.669905+00:00,,,,,,,
2020-09-29 21:31:21.677905+00:00,,,,,,,
2020-09-29 21:31:21.685905+00:00,,,,,,,
2020-09-29 21:31:21.693905+00:00,,,,,,,
2020-09-29 21:31:21.701905+00:00,,,,,,,
2020-09-29 21:31:21.709905+00:00,,,,,,,
2020-09-29 21:31:21.717905+00:00,,,,,,,
2020-09-29 21:31:21.725905+00:00,,,,,,,
2020-09-29 21:31:21.733905+00:00,,,,,,,
2020-09-29 21:31:21.741905+00:00,,,,,,,
2020-09-29 21:31:21.749905+00:00,,,,,,,
2020-09-29 21:31:21.757905+00:00,,,,,,,
2020-09-29 21:31:21.765905+00:00,,,,,,,
2020-09-29 21:31:21.773905+00:00,,,,,,,
2020-09-29 21:31:21.781905+00:00,,,,,,,
2020-09-29 21:31:21.789905+00:00,,,,,,,
2020-09-29 21:31:21.797905+00:00,,,,,,,
2020-09-29 21:31:21.805905+00:00,,,,,,,
2020-09-29 21:31:21.813905+00:00,,,,,,,
2020-09-29 21:31:21.821905+00:00,,,,,,,
2020-09-29 21:31:21.829905+00:00,,,,,,,
2020-09-29 21:31:21.837905+00:00,,,,,,,
2020-09-29 21:31:21.845905+00:00,,,,,,,
2020-09-29 21:31:21.853905+00:00,,,,,,,
2020-09-29 21:31:21.861905+00:00,,,,,,,
2020-09-29 21:31:21.869905+00:00,,,,,,,
2020-09-29 21:31:21.877905+00:00,,,,,,,
2020-09-29 21:31:21.885905+00:00,,,,,,,
2020-09-29 21:31:21.893905+00:00,,,,,,,
2020-09-29 21:31:21.901905+00:00,,,,,,,
2020-09-29 21:31:21.909905+00:00,,,,,,,
2020-09-29 21:31:21.917905+00:00,,,,,,,
2020-09-29 21:31:21.925905+00:00,,,,,,,
2020-09-29 21:31:21.933905+00:00,,,,,,,
2020-09-29 21:31:21.941905+00:00,,,,,,,
